Date,Open,High,Low,Close,Adj Close,Volume,Ticker,Company_Name
"Jan 29, 2025",33.60,34.00,31.65,32.07,32.07,"23,703,899",DJT,Trump Media & Technology Group Corp.
"Jan 28, 2025",29.94,30.54,29.32,30.04,30.04,"5,080,800",DJT,Trump Media & Technology Group Corp.
"Jan 27, 2025",31.40,31.83,29.15,29.53,29.53,"10,412,800",DJT,Trump Media & Technology Group Corp.
"Jan 24, 2025",33.93,34.64,32.58,32.71,32.71,"8,499,900",DJT,Trump Media & Technology Group Corp.
"Jan 23, 2025",33.08,34.55,32.80,33.55,33.55,"8,491,300",DJT,Trump Media & Technology Group Corp.
"Jan 22, 2025",34.54,35.50,33.50,33.61,33.61,"11,446,200",DJT,Trump Media & Technology Group Corp.
"Jan 21, 2025",37.59,37.74,34.42,35.59,35.59,"26,443,000",DJT,Trump Media & Technology Group Corp.
"Jan 17, 2025",41.72,43.46,39.57,40.03,40.03,"30,112,700",DJT,Trump Media & Technology Group Corp.
"Jan 16, 2025",42.35,42.85,40.01,41.00,41.00,"19,959,000",DJT,Trump Media & Technology Group Corp.
"Jan 15, 2025",40.62,42.25,39.45,40.83,40.83,"14,919,900",DJT,Trump Media & Technology Group Corp.
"Jan 14, 2025",39.33,41.65,38.21,39.35,39.35,"25,678,800",DJT,Trump Media & Technology Group Corp.
"Jan 13, 2025",34.92,43.31,34.76,42.91,42.91,"46,067,900",DJT,Trump Media & Technology Group Corp.
"Jan 10, 2025",34.09,35.83,33.65,35.31,35.31,"6,216,600",DJT,Trump Media & Technology Group Corp.
"Jan 8, 2025",34.68,34.87,33.56,34.54,34.54,"5,525,900",DJT,Trump Media & Technology Group Corp.
"Jan 7, 2025",36.21,36.98,34.80,35.22,35.22,"5,504,700",DJT,Trump Media & Technology Group Corp.
"Jan 6, 2025",35.10,36.70,35.08,36.17,36.17,"8,425,600",DJT,Trump Media & Technology Group Corp.
"Jan 3, 2025",33.91,35.20,33.56,34.62,34.62,"6,150,400",DJT,Trump Media & Technology Group Corp.
"Jan 2, 2025",34.34,35.14,33.33,34.02,34.02,"5,166,600",DJT,Trump Media & Technology Group Corp.
"Dec 31, 2024",34.20,35.49,34.03,34.10,34.10,"6,363,700",DJT,Trump Media & Technology Group Corp.
"Dec 30, 2024",34.97,35.00,33.41,34.12,34.12,"6,165,400",DJT,Trump Media & Technology Group Corp.
"Dec 27, 2024",36.94,37.08,35.85,36.08,36.08,"6,447,900",DJT,Trump Media & Technology Group Corp.
"Dec 26, 2024",35.58,37.30,35.58,37.03,37.03,"7,292,100",DJT,Trump Media & Technology Group Corp.
"Dec 24, 2024",35.22,36.15,35.07,35.79,35.79,"3,411,000",DJT,Trump Media & Technology Group Corp.
"Dec 23, 2024",34.45,35.63,33.70,35.23,35.23,"5,889,500",DJT,Trump Media & Technology Group Corp.
"Dec 20, 2024",34.11,35.19,32.75,34.71,34.71,"15,300,700",DJT,Trump Media & Technology Group Corp.
"Dec 19, 2024",35.50,36.64,34.92,35.41,35.41,"8,413,000",DJT,Trump Media & Technology Group Corp.
"Dec 18, 2024",37.81,38.65,34.38,35.32,35.32,"13,130,300",DJT,Trump Media & Technology Group Corp.
"Dec 17, 2024",38.47,38.83,37.02,38.01,38.01,"9,099,900",DJT,Trump Media & Technology Group Corp.
"Dec 16, 2024",37.04,38.66,36.74,38.50,38.50,"15,342,100",DJT,Trump Media & Technology Group Corp.
"Dec 13, 2024",36.30,37.35,36.07,36.59,36.59,"10,797,300",DJT,Trump Media & Technology Group Corp.
"Dec 12, 2024",36.04,37.61,35.28,36.20,36.20,"15,814,900",DJT,Trump Media & Technology Group Corp.
"Dec 11, 2024",34.00,36.29,33.57,36.23,36.23,"11,198,200",DJT,Trump Media & Technology Group Corp.
"Dec 10, 2024",35.24,36.09,32.71,34.16,34.16,"10,737,800",DJT,Trump Media & Technology Group Corp.
"Dec 9, 2024",35.03,36.18,34.62,35.34,35.34,"11,152,800",DJT,Trump Media & Technology Group Corp.
"Dec 6, 2024",33.80,35.15,33.40,34.74,34.74,"10,089,700",DJT,Trump Media & Technology Group Corp.
"Dec 5, 2024",36.29,36.76,33.66,33.74,33.74,"17,205,300",DJT,Trump Media & Technology Group Corp.
"Dec 4, 2024",33.85,35.85,33.21,35.26,35.26,"18,193,200",DJT,Trump Media & Technology Group Corp.
"Dec 3, 2024",32.05,34.44,32.00,33.66,33.66,"17,745,500",DJT,Trump Media & Technology Group Corp.
"Dec 2, 2024",31.86,33.03,31.08,32.49,32.49,"15,469,200",DJT,Trump Media & Technology Group Corp.
"Nov 29, 2024",30.30,32.36,30.17,31.60,31.60,"10,954,800",DJT,Trump Media & Technology Group Corp.
"Nov 27, 2024",30.54,30.99,29.89,30.44,30.44,"8,228,600",DJT,Trump Media & Technology Group Corp.
"Nov 26, 2024",30.14,31.64,30.11,30.51,30.51,"9,089,300",DJT,Trump Media & Technology Group Corp.
"Nov 25, 2024",30.77,31.25,29.83,30.75,30.75,"12,332,000",DJT,Trump Media & Technology Group Corp.
"Nov 22, 2024",31.00,31.58,30.43,30.77,30.77,"16,105,700",DJT,Trump Media & Technology Group Corp.
"Nov 21, 2024",30.04,31.88,28.76,30.49,30.49,"20,050,100",DJT,Trump Media & Technology Group Corp.
"Nov 20, 2024",30.54,31.45,30.00,30.10,30.10,"13,727,800",DJT,Trump Media & Technology Group Corp.
"Nov 19, 2024",30.00,30.83,29.10,29.87,29.87,"23,415,700",DJT,Trump Media & Technology Group Corp.
"Nov 18, 2024",27.92,33.77,26.56,32.78,32.78,"41,652,100",DJT,Trump Media & Technology Group Corp.
"Nov 15, 2024",26.91,28.88,26.81,28.10,28.10,"19,285,000",DJT,Trump Media & Technology Group Corp.
"Nov 14, 2024",29.73,29.78,26.36,26.99,26.99,"24,953,200",DJT,Trump Media & Technology Group Corp.
"Nov 13, 2024",30.97,31.22,28.80,28.93,28.93,"20,820,400",DJT,Trump Media & Technology Group Corp.
"Nov 12, 2024",31.72,32.00,30.00,30.47,30.47,"28,510,800",DJT,Trump Media & Technology Group Corp.
"Nov 11, 2024",33.45,34.40,31.62,33.41,33.41,"53,614,700",DJT,Trump Media & Technology Group Corp.
"Nov 8, 2024",28.17,33.03,26.70,31.91,31.91,"103,635,400",DJT,Trump Media & Technology Group Corp.
"Nov 7, 2024",30.94,31.96,27.61,27.69,27.69,"80,926,800",DJT,Trump Media & Technology Group Corp.
"Nov 6, 2024",44.46,45.77,34.13,35.96,35.96,"176,214,200",DJT,Trump Media & Technology Group Corp.
"Nov 5, 2024",37.52,40.74,31.45,33.94,33.94,"169,088,200",DJT,Trump Media & Technology Group Corp.
"Nov 4, 2024",30.34,35.76,28.88,34.34,34.34,"120,921,600",DJT,Trump Media & Technology Group Corp.
"Nov 1, 2024",33.12,35.68,30.03,30.56,30.56,"75,601,100",DJT,Trump Media & Technology Group Corp.
"Oct 31, 2024",41.92,43.86,33.41,35.34,35.34,"98,041,900",DJT,Trump Media & Technology Group Corp.
"Oct 30, 2024",47.53,49.87,38.96,40.03,40.03,"119,386,100",DJT,Trump Media & Technology Group Corp.
"Oct 29, 2024",53.75,54.68,43.52,51.51,51.51,"167,348,300",DJT,Trump Media & Technology Group Corp.
"Oct 28, 2024",42.17,47.68,41.25,47.36,47.36,"110,354,400",DJT,Trump Media & Technology Group Corp.
"Oct 25, 2024",35.24,39.45,35.07,38.95,38.95,"56,483,600",DJT,Trump Media & Technology Group Corp.
"Oct 24, 2024",34.67,36.35,33.08,34.95,34.95,"42,145,600",DJT,Trump Media & Technology Group Corp.
"Oct 23, 2024",35.47,36.77,34.53,35.91,35.91,"53,444,000",DJT,Trump Media & Technology Group Corp.
"Oct 22, 2024",32.08,34.58,31.32,34.39,34.39,"55,305,500",DJT,Trump Media & Technology Group Corp.
"Oct 21, 2024",29.99,31.65,29.32,31.30,31.30,"36,692,600",DJT,Trump Media & Technology Group Corp.
"Oct 18, 2024",29.27,30.94,29.18,29.58,29.58,"27,085,500",DJT,Trump Media & Technology Group Corp.
"Oct 17, 2024",31.02,31.18,28.51,29.90,29.90,"34,816,500",DJT,Trump Media & Technology Group Corp.
"Oct 16, 2024",28.95,31.50,27.30,31.26,31.26,"57,721,000",DJT,Trump Media & Technology Group Corp.
"Oct 15, 2024",32.19,33.85,25.11,27.06,27.06,"99,366,100",DJT,Trump Media & Technology Group Corp.
"Oct 14, 2024",25.26,30.47,25.25,29.95,29.95,"59,222,400",DJT,Trump Media & Technology Group Corp.
"Oct 11, 2024",25.91,27.24,24.47,25.28,25.28,"48,240,900",DJT,Trump Media & Technology Group Corp.
"Oct 10, 2024",20.73,24.50,20.69,24.12,24.12,"44,719,200",DJT,Trump Media & Technology Group Corp.
"Oct 9, 2024",20.97,21.65,19.61,20.57,20.57,"23,227,400",DJT,Trump Media & Technology Group Corp.
"Oct 8, 2024",19.05,22.12,18.32,21.80,21.80,"47,265,200",DJT,Trump Media & Technology Group Corp.
"Oct 7, 2024",16.81,19.68,16.75,18.39,18.39,"31,127,400",DJT,Trump Media & Technology Group Corp.
"Oct 4, 2024",16.07,16.75,15.74,16.50,16.50,"9,954,600",DJT,Trump Media & Technology Group Corp.
"Oct 3, 2024",15.55,16.56,15.53,16.17,16.17,"9,714,500",DJT,Trump Media & Technology Group Corp.
"Oct 2, 2024",15.92,16.33,15.07,15.81,15.81,"11,536,300",DJT,Trump Media & Technology Group Corp.
"Oct 1, 2024",17.23,17.28,15.61,16.16,16.16,"22,764,900",DJT,Trump Media & Technology Group Corp.
"Sep 30, 2024",15.04,16.30,14.87,16.07,16.07,"17,891,200",DJT,Trump Media & Technology Group Corp.
"Sep 27, 2024",13.91,15.36,13.81,14.75,14.75,"19,624,900",DJT,Trump Media & Technology Group Corp.
"Sep 26, 2024",13.58,14.31,13.20,13.98,13.98,"14,625,900",DJT,Trump Media & Technology Group Corp.
"Sep 25, 2024",13.44,14.48,13.00,14.13,14.13,"25,603,200",DJT,Trump Media & Technology Group Corp.
"Sep 24, 2024",12.23,13.01,11.75,12.79,12.79,"21,770,500",DJT,Trump Media & Technology Group Corp.
"Sep 23, 2024",13.65,13.74,12.12,12.15,12.15,"19,516,700",DJT,Trump Media & Technology Group Corp.
"Sep 20, 2024",14.00,14.39,13.50,13.55,13.55,"21,995,200",DJT,Trump Media & Technology Group Corp.
"Sep 19, 2024",15.10,15.37,14.56,14.70,14.70,"14,347,500",DJT,Trump Media & Technology Group Corp.
"Sep 18, 2024",16.05,16.15,15.41,15.62,15.62,"8,404,200",DJT,Trump Media & Technology Group Corp.
"Sep 17, 2024",17.00,17.09,16.10,16.14,16.14,"7,448,900",DJT,Trump Media & Technology Group Corp.
"Sep 16, 2024",18.35,18.45,17.06,17.28,17.28,"9,320,800",DJT,Trump Media & Technology Group Corp.
"Sep 13, 2024",16.12,20.86,16.06,17.97,17.97,"25,254,300",DJT,Trump Media & Technology Group Corp.
"Sep 12, 2024",16.29,16.34,15.46,16.08,16.08,"7,071,200",DJT,Trump Media & Technology Group Corp.
"Sep 11, 2024",15.77,16.80,15.30,16.68,16.68,"17,106,600",DJT,Trump Media & Technology Group Corp.
"Sep 10, 2024",18.48,20.10,17.78,18.63,18.63,"18,892,000",DJT,Trump Media & Technology Group Corp.
"Sep 9, 2024",17.67,19.06,17.64,18.04,18.04,"10,855,300",DJT,Trump Media & Technology Group Corp.
"Sep 6, 2024",17.27,17.87,16.82,17.10,17.10,"5,933,100",DJT,Trump Media & Technology Group Corp.
"Sep 5, 2024",17.00,17.75,16.70,17.40,17.40,"5,963,400",DJT,Trump Media & Technology Group Corp.
"Sep 4, 2024",17.90,18.23,16.95,16.98,16.98,"5,420,900",DJT,Trump Media & Technology Group Corp.
"Sep 3, 2024",19.54,19.60,17.72,18.08,18.08,"5,656,800",DJT,Trump Media & Technology Group Corp.
"Aug 30, 2024",19.93,20.20,19.33,19.50,19.50,"4,180,700",DJT,Trump Media & Technology Group Corp.
"Aug 29, 2024",20.38,21.09,19.74,19.84,19.84,"4,333,700",DJT,Trump Media & Technology Group Corp.
"Aug 28, 2024",20.61,20.73,19.38,20.10,20.10,"5,135,400",DJT,Trump Media & Technology Group Corp.
"Aug 27, 2024",21.75,21.75,20.91,20.99,20.99,"4,251,300",DJT,Trump Media & Technology Group Corp.
"Aug 26, 2024",23.00,23.15,21.66,21.72,21.72,"4,592,700",DJT,Trump Media & Technology Group Corp.
"Aug 23, 2024",22.88,23.57,22.25,22.81,22.81,"7,426,600",DJT,Trump Media & Technology Group Corp.
"Aug 22, 2024",24.93,25.08,22.67,22.70,22.70,"6,360,000",DJT,Trump Media & Technology Group Corp.
"Aug 21, 2024",21.50,24.83,21.42,24.20,24.20,"12,677,900",DJT,Trump Media & Technology Group Corp.
"Aug 20, 2024",22.20,22.39,21.33,21.42,21.42,"3,980,000",DJT,Trump Media & Technology Group Corp.
"Aug 19, 2024",23.10,23.12,22.18,22.24,22.24,"4,975,200",DJT,Trump Media & Technology Group Corp.
"Aug 16, 2024",23.72,23.94,23.03,23.06,23.06,"4,226,200",DJT,Trump Media & Technology Group Corp.
"Aug 15, 2024",24.06,25.05,23.43,23.57,23.57,"4,547,300",DJT,Trump Media & Technology Group Corp.
"Aug 14, 2024",23.80,24.19,23.33,23.97,23.97,"2,125,300",DJT,Trump Media & Technology Group Corp.
"Aug 13, 2024",24.01,24.70,23.21,23.98,23.98,"6,243,800",DJT,Trump Media & Technology Group Corp.
"Aug 12, 2024",25.42,27.18,24.20,24.88,24.88,"6,237,200",DJT,Trump Media & Technology Group Corp.
"Aug 9, 2024",26.50,26.50,25.96,26.21,26.21,"1,820,200",DJT,Trump Media & Technology Group Corp.
"Aug 8, 2024",25.72,26.66,25.10,26.34,26.34,"2,556,200",DJT,Trump Media & Technology Group Corp.
"Aug 7, 2024",27.00,27.16,25.20,25.72,25.72,"3,016,500",DJT,Trump Media & Technology Group Corp.
"Aug 6, 2024",27.00,27.66,26.63,27.11,27.11,"2,772,100",DJT,Trump Media & Technology Group Corp.
"Aug 5, 2024",25.50,27.88,25.40,26.98,26.98,"3,706,000",DJT,Trump Media & Technology Group Corp.
"Aug 2, 2024",26.28,29.46,25.88,29.21,29.21,"6,989,900",DJT,Trump Media & Technology Group Corp.
"Aug 1, 2024",28.70,29.06,26.90,27.20,27.20,"3,530,800",DJT,Trump Media & Technology Group Corp.
"Jul 31, 2024",28.71,29.29,28.55,28.74,28.74,"2,493,700",DJT,Trump Media & Technology Group Corp.
"Jul 30, 2024",29.86,30.25,28.42,28.78,28.78,"3,457,700",DJT,Trump Media & Technology Group Corp.
"Jul 29, 2024",30.99,31.03,29.62,30.15,30.15,"3,468,300",DJT,Trump Media & Technology Group Corp.
"Jul 26, 2024",30.88,31.45,30.26,31.45,31.45,"2,370,400",DJT,Trump Media & Technology Group Corp.
"Jul 25, 2024",30.03,31.58,29.75,31.05,31.05,"4,205,600",DJT,Trump Media & Technology Group Corp.
"Jul 24, 2024",32.00,32.34,30.37,30.62,30.62,"5,027,200",DJT,Trump Media & Technology Group Corp.
"Jul 23, 2024",33.68,34.00,32.44,32.91,32.91,"4,897,000",DJT,Trump Media & Technology Group Corp.
"Jul 22, 2024",35.28,35.77,33.25,34.70,34.70,"7,244,900",DJT,Trump Media & Technology Group Corp.
"Jul 19, 2024",37.00,37.20,34.11,34.99,34.99,"8,051,500",DJT,Trump Media & Technology Group Corp.
"Jul 18, 2024",36.77,37.63,35.55,37.38,37.38,"8,268,300",DJT,Trump Media & Technology Group Corp.
"Jul 17, 2024",36.48,39.20,35.81,36.44,36.44,"11,750,600",DJT,Trump Media & Technology Group Corp.
"Jul 16, 2024",36.43,38.72,35.90,36.89,36.89,"17,631,000",DJT,Trump Media & Technology Group Corp.
"Jul 15, 2024",46.20,46.27,38.06,40.58,40.58,"80,789,400",DJT,Trump Media & Technology Group Corp.
"Jul 12, 2024",30.52,31.55,30.11,30.89,30.89,"4,469,700",DJT,Trump Media & Technology Group Corp.
"Jul 11, 2024",29.14,30.31,28.98,29.86,29.86,"4,056,500",DJT,Trump Media & Technology Group Corp.
"Jul 10, 2024",30.01,30.38,28.43,28.80,28.80,"4,619,600",DJT,Trump Media & Technology Group Corp.
"Jul 9, 2024",30.79,31.42,29.63,29.90,29.90,"4,031,000",DJT,Trump Media & Technology Group Corp.
"Jul 8, 2024",29.11,31.37,28.99,30.32,30.32,"5,948,100",DJT,Trump Media & Technology Group Corp.
"Jul 5, 2024",30.49,30.59,28.70,29.17,29.17,"6,633,600",DJT,Trump Media & Technology Group Corp.
"Jul 3, 2024",31.15,32.90,31.10,31.10,31.10,"4,163,000",DJT,Trump Media & Technology Group Corp.
"Jul 2, 2024",32.23,33.08,31.32,31.73,31.73,"4,925,600",DJT,Trump Media & Technology Group Corp.
"Jul 1, 2024",33.30,34.58,31.00,33.08,33.08,"9,556,600",DJT,Trump Media & Technology Group Corp.
"Jun 28, 2024",39.78,39.94,31.55,32.75,32.75,"29,139,800",DJT,Trump Media & Technology Group Corp.
"Jun 27, 2024",38.87,40.54,36.16,36.73,36.73,"12,583,500",DJT,Trump Media & Technology Group Corp.
"Jun 26, 2024",34.90,39.42,33.70,39.25,39.25,"12,898,100",DJT,Trump Media & Technology Group Corp.
"Jun 25, 2024",36.72,37.60,33.20,36.37,36.37,"17,264,400",DJT,Trump Media & Technology Group Corp.
"Jun 24, 2024",29.71,36.09,28.68,33.52,33.52,"23,046,000",DJT,Trump Media & Technology Group Corp.
"Jun 21, 2024",27.31,28.21,24.83,27.66,27.66,"15,308,100",DJT,Trump Media & Technology Group Corp.
"Jun 20, 2024",28.76,29.37,26.13,26.75,26.75,"13,930,000",DJT,Trump Media & Technology Group Corp.
"Jun 18, 2024",34.02,34.98,30.03,31.31,31.31,"10,014,000",DJT,Trump Media & Technology Group Corp.
"Jun 17, 2024",36.68,37.00,34.51,34.72,34.72,"4,235,700",DJT,Trump Media & Technology Group Corp.
"Jun 14, 2024",38.84,40.03,36.61,37.05,37.05,"3,151,600",DJT,Trump Media & Technology Group Corp.
"Jun 13, 2024",41.00,41.66,39.03,39.93,39.93,"2,521,600",DJT,Trump Media & Technology Group Corp.
"Jun 12, 2024",39.91,41.24,39.70,40.93,40.93,"2,083,400",DJT,Trump Media & Technology Group Corp.
"Jun 11, 2024",41.60,42.49,38.51,39.31,39.31,"3,697,700",DJT,Trump Media & Technology Group Corp.
"Jun 10, 2024",44.75,46.69,41.06,42.09,42.09,"5,431,700",DJT,Trump Media & Technology Group Corp.
"Jun 7, 2024",45.40,46.00,44.47,44.59,44.59,"1,913,000",DJT,Trump Media & Technology Group Corp.
"Jun 6, 2024",46.10,47.20,45.49,46.02,46.02,"1,460,400",DJT,Trump Media & Technology Group Corp.
"Jun 5, 2024",45.74,47.00,44.88,46.75,46.75,"2,116,300",DJT,Trump Media & Technology Group Corp.
"Jun 4, 2024",46.81,46.99,44.70,45.49,45.49,"2,659,800",DJT,Trump Media & Technology Group Corp.
"Jun 3, 2024",49.14,50.62,46.50,46.74,46.74,"2,580,800",DJT,Trump Media & Technology Group Corp.
"May 31, 2024",53.92,53.92,47.20,49.09,49.09,"5,953,900",DJT,Trump Media & Technology Group Corp.
"May 30, 2024",51.50,52.75,50.67,51.84,51.84,"2,607,100",DJT,Trump Media & Technology Group Corp.
"May 29, 2024",49.02,52.18,48.08,51.12,51.12,"3,166,900",DJT,Trump Media & Technology Group Corp.
"May 28, 2024",45.99,50.45,45.31,49.93,49.93,"3,148,500",DJT,Trump Media & Technology Group Corp.
"May 24, 2024",44.00,46.07,44.00,45.81,45.81,"2,016,900",DJT,Trump Media & Technology Group Corp.
"May 23, 2024",45.29,46.14,43.77,43.91,43.91,"1,292,000",DJT,Trump Media & Technology Group Corp.
"May 22, 2024",43.51,46.24,42.03,44.59,44.59,"2,506,000",DJT,Trump Media & Technology Group Corp.
"May 21, 2024",48.18,48.39,42.21,44.19,44.19,"3,942,700",DJT,Trump Media & Technology Group Corp.
"May 20, 2024",50.51,50.55,47.84,48.38,48.38,"2,817,700",DJT,Trump Media & Technology Group Corp.
"May 17, 2024",51.48,52.58,48.58,50.92,50.92,"2,595,900",DJT,Trump Media & Technology Group Corp.
"May 16, 2024",53.00,53.80,51.62,52.15,52.15,"1,942,000",DJT,Trump Media & Technology Group Corp.
"May 15, 2024",54.04,54.60,51.44,52.51,52.51,"3,180,500",DJT,Trump Media & Technology Group Corp.
"May 14, 2024",53.00,55.20,52.81,53.40,53.40,"4,031,300",DJT,Trump Media & Technology Group Corp.
"May 13, 2024",53.34,56.55,51.20,51.65,51.65,"6,446,700",DJT,Trump Media & Technology Group Corp.
"May 10, 2024",53.64,56.52,50.61,50.99,50.99,"6,575,000",DJT,Trump Media & Technology Group Corp.
"May 9, 2024",49.56,55.25,48.30,54.39,54.39,"7,667,300",DJT,Trump Media & Technology Group Corp.
"May 8, 2024",47.63,50.25,47.05,49.26,49.26,"4,001,200",DJT,Trump Media & Technology Group Corp.
"May 7, 2024",48.99,49.72,46.61,47.67,47.67,"3,134,300",DJT,Trump Media & Technology Group Corp.
"May 6, 2024",46.21,50.06,45.47,49.18,49.18,"6,137,400",DJT,Trump Media & Technology Group Corp.
"May 3, 2024",47.47,48.92,44.29,47.93,47.93,"5,791,100",DJT,Trump Media & Technology Group Corp.
"May 2, 2024",46.82,49.78,46.05,48.68,48.68,"5,196,200",DJT,Trump Media & Technology Group Corp.
"May 1, 2024",53.37,54.98,44.65,45.13,45.13,"9,766,100",DJT,Trump Media & Technology Group Corp.
"Apr 30, 2024",48.50,50.75,47.11,49.93,49.93,"10,135,300",DJT,Trump Media & Technology Group Corp.
"Apr 29, 2024",41.16,47.19,41.16,46.69,46.69,"10,207,600",DJT,Trump Media & Technology Group Corp.
"Apr 26, 2024",40.00,44.59,38.65,41.54,41.54,"8,820,900",DJT,Trump Media & Technology Group Corp.
"Apr 25, 2024",37.00,39.40,36.31,38.49,38.49,"6,582,200",DJT,Trump Media & Technology Group Corp.
"Apr 24, 2024",31.00,37.23,30.58,35.67,35.67,"7,740,000",DJT,Trump Media & Technology Group Corp.
"Apr 23, 2024",35.50,36.39,31.20,32.57,32.57,"6,367,700",DJT,Trump Media & Technology Group Corp.
"Apr 22, 2024",35.00,37.38,34.51,35.50,35.50,"5,211,100",DJT,Trump Media & Technology Group Corp.
"Apr 19, 2024",36.95,37.19,32.67,36.38,36.38,"14,059,500",DJT,Trump Media & Technology Group Corp.
"Apr 18, 2024",25.82,33.44,23.90,33.19,33.19,"17,866,200",DJT,Trump Media & Technology Group Corp.
"Apr 17, 2024",24.26,28.29,22.85,26.40,26.40,"13,456,300",DJT,Trump Media & Technology Group Corp.
"Apr 16, 2024",27.00,27.45,22.55,22.84,22.84,"7,207,200",DJT,Trump Media & Technology Group Corp.
"Apr 15, 2024",28.37,29.76,26.25,26.61,26.61,"7,441,100",DJT,Trump Media & Technology Group Corp.
"Apr 12, 2024",32.39,33.09,29.57,32.59,32.59,"4,908,000",DJT,Trump Media & Technology Group Corp.
"Apr 11, 2024",34.28,34.68,32.15,32.41,32.41,"3,711,700",DJT,Trump Media & Technology Group Corp.
"Apr 10, 2024",36.02,37.29,33.48,34.26,34.26,"4,246,700",DJT,Trump Media & Technology Group Corp.
"Apr 9, 2024",37.12,38.20,35.39,37.47,37.47,"4,597,400",DJT,Trump Media & Technology Group Corp.
"Apr 8, 2024",41.46,41.46,35.70,37.17,37.17,"7,573,700",DJT,Trump Media & Technology Group Corp.
"Apr 5, 2024",44.80,45.74,40.00,40.59,40.59,"5,723,200",DJT,Trump Media & Technology Group Corp.
"Apr 4, 2024",48.15,48.36,45.51,46.15,46.15,"4,693,400",DJT,Trump Media & Technology Group Corp.
"Apr 3, 2024",51.04,52.75,48.05,48.81,48.81,"5,777,400",DJT,Trump Media & Technology Group Corp.
"Apr 2, 2024",47.51,53.06,47.00,51.60,51.60,"10,867,000",DJT,Trump Media & Technology Group Corp.
"Apr 1, 2024",59.83,61.00,45.26,48.66,48.66,"17,797,600",DJT,Trump Media & Technology Group Corp.
"Mar 28, 2024",69.70,69.87,60.23,61.96,61.96,"17,156,400",DJT,Trump Media & Technology Group Corp.
"Mar 27, 2024",70.81,71.93,62.30,66.22,66.22,"32,590,500",DJT,Trump Media & Technology Group Corp.
"Mar 26, 2024",70.90,79.38,57.25,57.99,57.99,"55,523,500",DJT,Trump Media & Technology Group Corp.
"Mar 25, 2024",40.51,52.80,38.55,49.95,49.95,"21,626,400",DJT,Trump Media & Technology Group Corp.
"Mar 22, 2024",44.20,48.01,36.44,36.94,36.94,"9,845,000",DJT,Trump Media & Technology Group Corp.
"Mar 21, 2024",44.70,47.19,40.00,42.81,42.81,"3,333,000",DJT,Trump Media & Technology Group Corp.
"Mar 20, 2024",38.39,44.86,38.09,42.90,42.90,"5,094,900",DJT,Trump Media & Technology Group Corp.
"Mar 19, 2024",35.00,37.00,32.10,36.42,36.42,"1,799,600",DJT,Trump Media & Technology Group Corp.
"Mar 18, 2024",40.08,40.08,35.55,35.58,35.58,"1,595,400",DJT,Trump Media & Technology Group Corp.
"Mar 15, 2024",40.66,40.80,38.80,38.98,38.98,"771,600",DJT,Trump Media & Technology Group Corp.
"Mar 14, 2024",39.42,41.90,38.59,41.08,41.08,"844,000",DJT,Trump Media & Technology Group Corp.
"Mar 13, 2024",40.50,40.96,39.51,40.19,40.19,"488,200",DJT,Trump Media & Technology Group Corp.
"Mar 12, 2024",39.36,40.55,38.57,40.19,40.19,"652,900",DJT,Trump Media & Technology Group Corp.
"Mar 11, 2024",39.73,39.96,38.06,39.09,39.09,"934,500",DJT,Trump Media & Technology Group Corp.
"Mar 8, 2024",41.88,41.90,39.62,39.98,39.98,"669,100",DJT,Trump Media & Technology Group Corp.
"Mar 7, 2024",41.68,42.14,40.55,41.27,41.27,"1,056,000",DJT,Trump Media & Technology Group Corp.
"Mar 6, 2024",45.30,45.30,39.88,40.19,40.19,"2,349,600",DJT,Trump Media & Technology Group Corp.
"Mar 5, 2024",49.02,49.92,44.32,46.50,46.50,"3,308,300",DJT,Trump Media & Technology Group Corp.
"Mar 4, 2024",43.00,46.00,41.55,45.91,45.91,"3,787,800",DJT,Trump Media & Technology Group Corp.
"Mar 1, 2024",38.48,40.77,37.00,38.94,38.94,"2,013,900",DJT,Trump Media & Technology Group Corp.
"Feb 29, 2024",45.39,45.80,36.83,41.16,41.16,"2,962,200",DJT,Trump Media & Technology Group Corp.
"Feb 28, 2024",44.99,47.01,44.27,45.16,45.16,"818,700",DJT,Trump Media & Technology Group Corp.
"Feb 27, 2024",46.50,46.98,45.15,45.63,45.63,"715,700",DJT,Trump Media & Technology Group Corp.
"Feb 26, 2024",47.86,48.58,46.44,47.23,47.23,"1,464,600",DJT,Trump Media & Technology Group Corp.
"Feb 23, 2024",47.30,49.99,46.00,49.68,49.68,"1,993,000",DJT,Trump Media & Technology Group Corp.
"Feb 22, 2024",43.99,46.75,43.30,46.68,46.68,"1,099,400",DJT,Trump Media & Technology Group Corp.
"Feb 21, 2024",44.51,44.85,42.09,43.16,43.16,"977,100",DJT,Trump Media & Technology Group Corp.
"Feb 20, 2024",49.00,49.00,44.72,44.88,44.88,"1,501,800",DJT,Trump Media & Technology Group Corp.
"Feb 16, 2024",50.00,50.71,48.18,48.54,48.54,"1,645,900",DJT,Trump Media & Technology Group Corp.
"Feb 15, 2024",55.00,56.29,48.60,50.56,50.56,"7,279,800",DJT,Trump Media & Technology Group Corp.
"Feb 14, 2024",42.22,43.83,41.69,43.55,43.55,"889,300",DJT,Trump Media & Technology Group Corp.
"Feb 13, 2024",44.58,44.58,40.40,41.32,41.32,"1,709,700",DJT,Trump Media & Technology Group Corp.
"Feb 12, 2024",46.58,47.19,44.27,45.32,45.32,"1,360,400",DJT,Trump Media & Technology Group Corp.
"Feb 9, 2024",47.72,48.28,44.46,47.03,47.03,"2,026,000",DJT,Trump Media & Technology Group Corp.
"Feb 8, 2024",45.37,49.50,43.00,47.66,47.66,"3,565,000",DJT,Trump Media & Technology Group Corp.
"Feb 7, 2024",45.55,46.80,43.68,45.64,45.64,"1,469,700",DJT,Trump Media & Technology Group Corp.
"Feb 6, 2024",46.75,48.45,42.85,45.49,45.49,"3,473,500",DJT,Trump Media & Technology Group Corp.
"Feb 5, 2024",41.74,47.58,40.63,47.58,47.58,"6,301,500",DJT,Trump Media & Technology Group Corp.
"Feb 2, 2024",40.30,42.18,38.05,40.60,40.60,"2,266,700",DJT,Trump Media & Technology Group Corp.
"Feb 1, 2024",39.75,41.50,38.88,40.22,40.22,"2,372,400",DJT,Trump Media & Technology Group Corp.
"Jan 31, 2024",37.76,42.25,37.01,37.95,37.95,"4,941,200",DJT,Trump Media & Technology Group Corp.
"Jan 30, 2024",34.67,39.50,34.67,37.80,37.80,"2,886,400",DJT,Trump Media & Technology Group Corp.
"Jan 29, 2024",37.75,38.17,34.65,36.21,36.21,"2,242,600",DJT,Trump Media & Technology Group Corp.
"Jan 26, 2024",36.21,40.50,35.14,38.18,38.18,"6,043,500",DJT,Trump Media & Technology Group Corp.
"Jan 25, 2024",37.28,39.70,31.92,34.91,34.91,"6,718,000",DJT,Trump Media & Technology Group Corp.
"Jan 24, 2024",44.25,49.69,36.51,38.15,38.15,"15,155,800",DJT,Trump Media & Technology Group Corp.
"Jan 23, 2024",49.48,58.72,40.13,50.75,50.75,"25,945,700",DJT,Trump Media & Technology Group Corp.
"Jan 22, 2024",29.33,50.20,29.21,49.69,49.69,"29,654,400",DJT,Trump Media & Technology Group Corp.
"Jan 19, 2024",25.95,28.05,25.11,26.38,26.38,"5,392,500",DJT,Trump Media & Technology Group Corp.
"Jan 18, 2024",24.18,26.52,23.80,25.58,25.58,"7,780,400",DJT,Trump Media & Technology Group Corp.
"Jan 17, 2024",21.40,28.70,20.43,23.05,23.05,"15,611,100",DJT,Trump Media & Technology Group Corp.
"Jan 16, 2024",18.49,22.98,18.38,22.35,22.35,"8,054,600",DJT,Trump Media & Technology Group Corp.
"Jan 12, 2024",16.90,17.38,16.90,17.32,17.32,"149,900",DJT,Trump Media & Technology Group Corp.
"Jan 11, 2024",17.08,17.20,16.90,16.92,16.92,"123,700",DJT,Trump Media & Technology Group Corp.
"Jan 10, 2024",17.24,17.40,17.06,17.08,17.08,"118,200",DJT,Trump Media & Technology Group Corp.
"Jan 9, 2024",17.08,17.39,17.08,17.23,17.23,"81,300",DJT,Trump Media & Technology Group Corp.
"Jan 8, 2024",17.20,17.41,17.00,17.24,17.24,"139,700",DJT,Trump Media & Technology Group Corp.
"Jan 5, 2024",17.30,17.50,17.20,17.23,17.23,"89,800",DJT,Trump Media & Technology Group Corp.
"Jan 4, 2024",17.54,17.54,17.27,17.35,17.35,"70,600",DJT,Trump Media & Technology Group Corp.
"Jan 3, 2024",17.57,17.57,17.35,17.44,17.44,"73,100",DJT,Trump Media & Technology Group Corp.
"Jan 2, 2024",17.64,17.64,17.27,17.45,17.45,"112,600",DJT,Trump Media & Technology Group Corp.
"Dec 29, 2023",17.63,17.70,17.30,17.50,17.50,"240,900",DJT,Trump Media & Technology Group Corp.
"Dec 28, 2023",17.84,17.93,17.57,17.73,17.73,"158,000",DJT,Trump Media & Technology Group Corp.
"Dec 27, 2023",18.23,18.36,17.88,17.95,17.95,"297,900",DJT,Trump Media & Technology Group Corp.
"Dec 26, 2023",17.85,18.19,17.51,18.17,18.17,"391,500",DJT,Trump Media & Technology Group Corp.
"Dec 22, 2023",17.21,17.46,16.97,16.97,16.97,"170,100",DJT,Trump Media & Technology Group Corp.
"Dec 21, 2023",17.45,17.58,17.23,17.26,17.26,"144,200",DJT,Trump Media & Technology Group Corp.
"Dec 20, 2023",17.44,17.83,17.41,17.44,17.44,"244,200",DJT,Trump Media & Technology Group Corp.
"Dec 19, 2023",17.89,18.00,17.60,17.83,17.83,"211,000",DJT,Trump Media & Technology Group Corp.
"Dec 18, 2023",17.60,18.10,17.36,17.83,17.83,"304,100",DJT,Trump Media & Technology Group Corp.
"Dec 15, 2023",18.00,18.08,17.52,17.59,17.59,"210,900",DJT,Trump Media & Technology Group Corp.
"Dec 14, 2023",18.17,18.20,17.71,17.90,17.90,"223,700",DJT,Trump Media & Technology Group Corp.
"Dec 13, 2023",17.60,18.05,17.51,17.95,17.95,"310,100",DJT,Trump Media & Technology Group Corp.
"Dec 12, 2023",17.61,17.75,17.31,17.50,17.50,"179,000",DJT,Trump Media & Technology Group Corp.
"Dec 11, 2023",17.36,17.85,17.17,17.35,17.35,"204,600",DJT,Trump Media & Technology Group Corp.
"Dec 8, 2023",17.01,17.24,16.95,17.17,17.17,"109,500",DJT,Trump Media & Technology Group Corp.
"Dec 7, 2023",17.19,17.33,17.07,17.07,17.07,"98,400",DJT,Trump Media & Technology Group Corp.
"Dec 6, 2023",17.33,17.44,17.21,17.26,17.26,"126,900",DJT,Trump Media & Technology Group Corp.
"Dec 5, 2023",17.66,18.20,17.26,17.29,17.29,"212,400",DJT,Trump Media & Technology Group Corp.
"Dec 4, 2023",17.50,17.85,17.25,17.66,17.66,"141,600",DJT,Trump Media & Technology Group Corp.
"Dec 1, 2023",17.25,17.59,17.00,17.48,17.48,"183,000",DJT,Trump Media & Technology Group Corp.
"Nov 30, 2023",17.82,17.90,17.14,17.36,17.36,"213,900",DJT,Trump Media & Technology Group Corp.
"Nov 29, 2023",18.05,18.10,17.39,17.67,17.67,"277,800",DJT,Trump Media & Technology Group Corp.
"Nov 28, 2023",18.17,18.63,17.79,18.14,18.14,"211,600",DJT,Trump Media & Technology Group Corp.
"Nov 27, 2023",18.40,19.50,18.02,18.08,18.08,"566,400",DJT,Trump Media & Technology Group Corp.
"Nov 24, 2023",17.24,18.17,17.24,18.15,18.15,"324,700",DJT,Trump Media & Technology Group Corp.
"Nov 22, 2023",17.73,17.73,16.78,17.06,17.06,"255,900",DJT,Trump Media & Technology Group Corp.
"Nov 21, 2023",16.94,18.50,16.74,17.38,17.38,"585,500",DJT,Trump Media & Technology Group Corp.
"Nov 20, 2023",16.62,16.80,16.25,16.62,16.62,"206,400",DJT,Trump Media & Technology Group Corp.
"Nov 17, 2023",16.68,17.16,15.85,16.18,16.18,"447,800",DJT,Trump Media & Technology Group Corp.
"Nov 16, 2023",16.32,16.87,16.16,16.68,16.68,"290,600",DJT,Trump Media & Technology Group Corp.
"Nov 15, 2023",15.62,16.28,15.62,15.93,15.93,"221,900",DJT,Trump Media & Technology Group Corp.
"Nov 14, 2023",15.98,15.98,15.19,15.63,15.63,"233,900",DJT,Trump Media & Technology Group Corp.
"Nov 13, 2023",15.06,15.34,14.75,15.18,15.18,"380,000",DJT,Trump Media & Technology Group Corp.
"Nov 10, 2023",15.09,15.30,15.01,15.14,15.14,"74,300",DJT,Trump Media & Technology Group Corp.
"Nov 9, 2023",15.40,15.50,14.95,15.13,15.13,"155,400",DJT,Trump Media & Technology Group Corp.
"Nov 8, 2023",15.41,15.79,15.25,15.38,15.38,"191,800",DJT,Trump Media & Technology Group Corp.
"Nov 7, 2023",14.97,15.50,14.93,15.45,15.45,"138,400",DJT,Trump Media & Technology Group Corp.
"Nov 6, 2023",14.93,15.29,14.91,15.07,15.07,"179,100",DJT,Trump Media & Technology Group Corp.
"Nov 3, 2023",14.82,14.89,14.72,14.85,14.85,"78,400",DJT,Trump Media & Technology Group Corp.
"Nov 2, 2023",14.68,14.74,14.51,14.67,14.67,"117,800",DJT,Trump Media & Technology Group Corp.
"Nov 1, 2023",14.95,15.02,14.60,14.60,14.60,"117,200",DJT,Trump Media & Technology Group Corp.
"Oct 31, 2023",15.14,15.14,14.76,14.92,14.92,"109,100",DJT,Trump Media & Technology Group Corp.
"Oct 30, 2023",14.91,15.35,14.88,15.14,15.14,"120,800",DJT,Trump Media & Technology Group Corp.
"Oct 27, 2023",14.32,14.85,14.32,14.59,14.59,"76,700",DJT,Trump Media & Technology Group Corp.
"Oct 26, 2023",14.57,14.68,14.40,14.47,14.47,"139,800",DJT,Trump Media & Technology Group Corp.
"Oct 25, 2023",14.72,14.91,14.56,14.57,14.57,"66,500",DJT,Trump Media & Technology Group Corp.
"Oct 24, 2023",14.74,14.83,14.66,14.79,14.79,"73,000",DJT,Trump Media & Technology Group Corp.
"Oct 23, 2023",14.97,15.05,14.81,14.84,14.84,"140,200",DJT,Trump Media & Technology Group Corp.
"Oct 20, 2023",15.01,15.20,14.90,15.06,15.06,"118,200",DJT,Trump Media & Technology Group Corp.
"Oct 19, 2023",14.92,15.08,14.80,14.97,14.97,"101,100",DJT,Trump Media & Technology Group Corp.
"Oct 18, 2023",15.21,15.28,14.95,15.06,15.06,"87,100",DJT,Trump Media & Technology Group Corp.
"Oct 17, 2023",15.42,15.61,15.05,15.28,15.28,"115,500",DJT,Trump Media & Technology Group Corp.
"Oct 16, 2023",15.35,16.30,15.34,15.61,15.61,"255,300",DJT,Trump Media & Technology Group Corp.
"Oct 13, 2023",15.50,15.60,15.29,15.52,15.52,"145,500",DJT,Trump Media & Technology Group Corp.
"Oct 12, 2023",15.88,15.88,15.30,15.55,15.55,"196,000",DJT,Trump Media & Technology Group Corp.
"Oct 11, 2023",15.86,16.05,15.80,15.86,15.86,"71,600",DJT,Trump Media & Technology Group Corp.
"Oct 10, 2023",15.90,16.21,15.87,15.95,15.95,"103,600",DJT,Trump Media & Technology Group Corp.
"Oct 9, 2023",15.72,16.22,15.70,15.95,15.95,"151,300",DJT,Trump Media & Technology Group Corp.
"Oct 6, 2023",15.79,16.18,15.67,15.83,15.83,"168,400",DJT,Trump Media & Technology Group Corp.
"Oct 5, 2023",15.91,16.10,15.75,15.83,15.83,"152,000",DJT,Trump Media & Technology Group Corp.
"Oct 4, 2023",15.75,15.97,15.69,15.90,15.90,"105,900",DJT,Trump Media & Technology Group Corp.
"Oct 3, 2023",15.30,15.95,15.30,15.72,15.72,"139,400",DJT,Trump Media & Technology Group Corp.
"Oct 2, 2023",16.19,16.19,15.36,15.43,15.43,"275,000",DJT,Trump Media & Technology Group Corp.
"Sep 29, 2023",16.39,16.51,16.20,16.42,16.42,"136,900",DJT,Trump Media & Technology Group Corp.
"Sep 28, 2023",16.49,16.55,16.24,16.34,16.34,"107,200",DJT,Trump Media & Technology Group Corp.
"Sep 27, 2023",16.59,16.64,16.41,16.54,16.54,"75,000",DJT,Trump Media & Technology Group Corp.
"Sep 26, 2023",16.44,16.68,16.28,16.61,16.61,"87,700",DJT,Trump Media & Technology Group Corp.
"Sep 25, 2023",16.46,16.50,16.19,16.48,16.48,"130,300",DJT,Trump Media & Technology Group Corp.
"Sep 22, 2023",15.80,16.50,15.62,16.28,16.28,"206,600",DJT,Trump Media & Technology Group Corp.
"Sep 21, 2023",15.88,15.96,15.62,15.70,15.70,"102,900",DJT,Trump Media & Technology Group Corp.
"Sep 20, 2023",15.74,15.91,15.59,15.88,15.88,"106,500",DJT,Trump Media & Technology Group Corp.
"Sep 19, 2023",15.75,15.82,15.65,15.71,15.71,"84,200",DJT,Trump Media & Technology Group Corp.
"Sep 18, 2023",15.90,15.96,15.71,15.85,15.85,"132,000",DJT,Trump Media & Technology Group Corp.
"Sep 15, 2023",16.24,16.25,15.91,16.00,16.00,"125,800",DJT,Trump Media & Technology Group Corp.
"Sep 14, 2023",16.10,16.35,16.08,16.10,16.10,"163,900",DJT,Trump Media & Technology Group Corp.
"Sep 13, 2023",16.05,16.32,16.05,16.19,16.19,"99,200",DJT,Trump Media & Technology Group Corp.
"Sep 12, 2023",16.34,16.40,16.05,16.13,16.13,"170,100",DJT,Trump Media & Technology Group Corp.
"Sep 11, 2023",16.73,16.90,16.32,16.34,16.34,"203,500",DJT,Trump Media & Technology Group Corp.
"Sep 8, 2023",17.13,17.45,16.75,16.82,16.82,"205,300",DJT,Trump Media & Technology Group Corp.
"Sep 7, 2023",17.50,17.52,17.11,17.28,17.28,"320,300",DJT,Trump Media & Technology Group Corp.
"Sep 6, 2023",16.76,18.13,16.70,17.66,17.66,"616,900",DJT,Trump Media & Technology Group Corp.
"Sep 5, 2023",15.96,18.99,15.77,17.11,17.11,"1,974,400",DJT,Trump Media & Technology Group Corp.
"Sep 1, 2023",16.62,16.62,16.34,16.51,16.51,"236,500",DJT,Trump Media & Technology Group Corp.
"Aug 31, 2023",15.67,16.59,15.60,16.42,16.42,"666,300",DJT,Trump Media & Technology Group Corp.
"Aug 30, 2023",15.00,15.79,14.92,15.59,15.59,"348,000",DJT,Trump Media & Technology Group Corp.
"Aug 29, 2023",14.90,15.15,14.70,15.00,15.00,"186,700",DJT,Trump Media & Technology Group Corp.
"Aug 28, 2023",15.05,15.15,14.56,15.03,15.03,"321,100",DJT,Trump Media & Technology Group Corp.
"Aug 25, 2023",13.14,15.36,13.11,15.26,15.26,"957,400",DJT,Trump Media & Technology Group Corp.
"Aug 24, 2023",13.77,14.16,13.77,13.93,13.93,"296,700",DJT,Trump Media & Technology Group Corp.
"Aug 23, 2023",14.80,14.88,13.96,13.98,13.98,"427,600",DJT,Trump Media & Technology Group Corp.
"Aug 22, 2023",15.08,15.15,14.80,14.82,14.82,"243,900",DJT,Trump Media & Technology Group Corp.
"Aug 21, 2023",15.33,15.64,15.05,15.11,15.11,"262,500",DJT,Trump Media & Technology Group Corp.
"Aug 18, 2023",15.27,15.42,14.97,15.10,15.10,"298,800",DJT,Trump Media & Technology Group Corp.
"Aug 17, 2023",16.77,16.95,15.03,15.04,15.04,"650,400",DJT,Trump Media & Technology Group Corp.
"Aug 16, 2023",16.43,18.68,16.26,17.03,17.03,"899,600",DJT,Trump Media & Technology Group Corp.
"Aug 15, 2023",17.45,17.45,16.57,16.73,16.73,"359,700",DJT,Trump Media & Technology Group Corp.
"Aug 14, 2023",16.49,17.78,16.30,17.30,17.30,"597,500",DJT,Trump Media & Technology Group Corp.
"Aug 11, 2023",16.40,16.70,16.12,16.59,16.59,"423,100",DJT,Trump Media & Technology Group Corp.
"Aug 10, 2023",15.76,16.98,15.50,16.60,16.60,"1,092,800",DJT,Trump Media & Technology Group Corp.
"Aug 9, 2023",15.14,15.25,14.75,14.95,14.95,"477,200",DJT,Trump Media & Technology Group Corp.
"Aug 8, 2023",15.31,15.31,15.05,15.15,15.15,"198,800",DJT,Trump Media & Technology Group Corp.
"Aug 7, 2023",15.60,15.67,15.20,15.43,15.43,"296,900",DJT,Trump Media & Technology Group Corp.
"Aug 4, 2023",15.73,15.75,15.36,15.45,15.45,"192,300",DJT,Trump Media & Technology Group Corp.
"Aug 3, 2023",15.75,15.88,15.35,15.57,15.57,"259,300",DJT,Trump Media & Technology Group Corp.
"Aug 2, 2023",16.00,16.11,14.90,15.65,15.65,"654,100",DJT,Trump Media & Technology Group Corp.
"Aug 1, 2023",16.70,16.86,16.62,16.63,16.63,"226,800",DJT,Trump Media & Technology Group Corp.
"Jul 31, 2023",16.70,16.99,16.51,16.87,16.87,"341,500",DJT,Trump Media & Technology Group Corp.
"Jul 28, 2023",16.50,16.86,16.38,16.57,16.57,"330,200",DJT,Trump Media & Technology Group Corp.
"Jul 27, 2023",16.55,17.16,16.25,16.48,16.48,"486,200",DJT,Trump Media & Technology Group Corp.
"Jul 26, 2023",16.24,16.79,16.24,16.66,16.66,"568,000",DJT,Trump Media & Technology Group Corp.
"Jul 25, 2023",17.43,17.44,16.00,16.34,16.34,"1,031,400",DJT,Trump Media & Technology Group Corp.
"Jul 24, 2023",19.00,19.00,16.50,17.63,17.63,"3,181,400",DJT,Trump Media & Technology Group Corp.
"Jul 21, 2023",16.70,25.85,16.24,20.08,20.08,"31,180,000",DJT,Trump Media & Technology Group Corp.
"Jul 20, 2023",13.42,14.08,13.23,13.36,13.36,"2,421,900",DJT,Trump Media & Technology Group Corp.
"Jul 19, 2023",13.32,13.95,13.16,13.64,13.64,"521,200",DJT,Trump Media & Technology Group Corp.
"Jul 18, 2023",13.12,13.49,13.05,13.18,13.18,"257,100",DJT,Trump Media & Technology Group Corp.
"Jul 17, 2023",13.10,13.34,13.02,13.25,13.25,"237,000",DJT,Trump Media & Technology Group Corp.
"Jul 14, 2023",13.05,13.10,12.82,12.85,12.85,"171,300",DJT,Trump Media & Technology Group Corp.
"Jul 13, 2023",12.97,13.46,12.92,13.05,13.05,"351,200",DJT,Trump Media & Technology Group Corp.
"Jul 12, 2023",13.38,13.43,12.96,13.06,13.06,"322,400",DJT,Trump Media & Technology Group Corp.
"Jul 11, 2023",13.35,13.63,13.28,13.35,13.35,"233,900",DJT,Trump Media & Technology Group Corp.
"Jul 10, 2023",13.76,13.80,13.31,13.45,13.45,"260,300",DJT,Trump Media & Technology Group Corp.
"Jul 7, 2023",13.83,14.17,13.55,13.61,13.61,"417,000",DJT,Trump Media & Technology Group Corp.
"Jul 6, 2023",14.66,14.68,13.50,13.90,13.90,"629,400",DJT,Trump Media & Technology Group Corp.
"Jul 5, 2023",13.91,15.15,13.46,14.83,14.83,"5,135,600",DJT,Trump Media & Technology Group Corp.
"Jul 3, 2023",12.56,12.68,12.56,12.65,12.65,"70,800",DJT,Trump Media & Technology Group Corp.
"Jun 30, 2023",12.72,12.85,12.51,12.56,12.56,"138,600",DJT,Trump Media & Technology Group Corp.
"Jun 29, 2023",12.74,12.76,12.60,12.68,12.68,"142,000",DJT,Trump Media & Technology Group Corp.
"Jun 28, 2023",12.75,12.88,12.62,12.66,12.66,"128,100",DJT,Trump Media & Technology Group Corp.
"Jun 27, 2023",12.66,12.77,12.61,12.75,12.75,"73,700",DJT,Trump Media & Technology Group Corp.
"Jun 26, 2023",12.50,13.01,12.50,12.72,12.72,"216,300",DJT,Trump Media & Technology Group Corp.
"Jun 23, 2023",12.51,12.60,12.40,12.46,12.46,"128,400",DJT,Trump Media & Technology Group Corp.
"Jun 22, 2023",12.63,12.69,12.52,12.58,12.58,"103,000",DJT,Trump Media & Technology Group Corp.
"Jun 21, 2023",12.71,12.80,12.69,12.74,12.74,"87,500",DJT,Trump Media & Technology Group Corp.
"Jun 20, 2023",12.70,12.81,12.60,12.76,12.76,"175,500",DJT,Trump Media & Technology Group Corp.
"Jun 16, 2023",12.79,12.82,12.69,12.76,12.76,"126,100",DJT,Trump Media & Technology Group Corp.
"Jun 15, 2023",12.85,12.92,12.75,12.82,12.82,"136,400",DJT,Trump Media & Technology Group Corp.
"Jun 14, 2023",13.01,13.02,12.80,12.92,12.92,"149,900",DJT,Trump Media & Technology Group Corp.
"Jun 13, 2023",12.89,13.19,12.80,13.05,13.05,"241,200",DJT,Trump Media & Technology Group Corp.
"Jun 12, 2023",12.79,12.93,12.75,12.79,12.79,"203,400",DJT,Trump Media & Technology Group Corp.
"Jun 9, 2023",13.05,13.42,12.80,12.81,12.81,"415,000",DJT,Trump Media & Technology Group Corp.
"Jun 8, 2023",12.93,13.00,12.88,12.90,12.90,"112,400",DJT,Trump Media & Technology Group Corp.
"Jun 7, 2023",12.91,13.00,12.87,12.88,12.88,"110,600",DJT,Trump Media & Technology Group Corp.
"Jun 6, 2023",13.01,13.05,12.86,12.90,12.90,"160,400",DJT,Trump Media & Technology Group Corp.
"Jun 5, 2023",12.92,13.01,12.89,12.96,12.96,"117,400",DJT,Trump Media & Technology Group Corp.
"Jun 2, 2023",12.88,12.99,12.86,12.93,12.93,"126,600",DJT,Trump Media & Technology Group Corp.
"Jun 1, 2023",12.84,12.96,12.80,12.85,12.85,"120,200",DJT,Trump Media & Technology Group Corp.
"May 31, 2023",12.84,12.94,12.83,12.88,12.88,"76,500",DJT,Trump Media & Technology Group Corp.
"May 30, 2023",13.01,13.03,12.85,12.87,12.87,"154,900",DJT,Trump Media & Technology Group Corp.
"May 26, 2023",13.21,13.35,12.96,13.03,13.03,"151,900",DJT,Trump Media & Technology Group Corp.
"May 25, 2023",13.19,13.70,12.87,13.23,13.23,"266,100",DJT,Trump Media & Technology Group Corp.
"May 24, 2023",13.46,13.50,13.31,13.43,13.43,"102,100",DJT,Trump Media & Technology Group Corp.
"May 23, 2023",13.28,13.63,13.26,13.53,13.53,"134,300",DJT,Trump Media & Technology Group Corp.
"May 22, 2023",13.25,13.43,13.20,13.28,13.28,"137,100",DJT,Trump Media & Technology Group Corp.
"May 19, 2023",13.25,13.36,13.15,13.29,13.29,"96,400",DJT,Trump Media & Technology Group Corp.
"May 18, 2023",13.27,13.36,13.13,13.18,13.18,"111,400",DJT,Trump Media & Technology Group Corp.
"May 17, 2023",13.52,13.52,13.20,13.27,13.27,"106,900",DJT,Trump Media & Technology Group Corp.
"May 16, 2023",13.68,13.68,13.26,13.26,13.26,"97,100",DJT,Trump Media & Technology Group Corp.
"May 15, 2023",13.60,13.88,13.30,13.38,13.38,"129,000",DJT,Trump Media & Technology Group Corp.
"May 12, 2023",13.82,13.95,13.45,13.52,13.52,"124,800",DJT,Trump Media & Technology Group Corp.
"May 11, 2023",13.59,14.08,13.20,13.93,13.93,"297,000",DJT,Trump Media & Technology Group Corp.
"May 10, 2023",13.19,13.81,13.10,13.58,13.58,"373,600",DJT,Trump Media & Technology Group Corp.
"May 9, 2023",12.96,13.85,12.91,13.43,13.43,"668,000",DJT,Trump Media & Technology Group Corp.
"May 8, 2023",12.92,13.03,12.92,12.96,12.96,"103,300",DJT,Trump Media & Technology Group Corp.
"May 5, 2023",12.91,13.02,12.90,12.92,12.92,"126,100",DJT,Trump Media & Technology Group Corp.
"May 4, 2023",12.93,12.98,12.80,12.98,12.98,"99,700",DJT,Trump Media & Technology Group Corp.
"May 3, 2023",12.92,12.98,12.81,12.93,12.93,"132,400",DJT,Trump Media & Technology Group Corp.
"May 2, 2023",12.92,13.02,12.80,12.90,12.90,"145,600",DJT,Trump Media & Technology Group Corp.
"May 1, 2023",13.02,13.08,12.91,13.04,13.04,"132,900",DJT,Trump Media & Technology Group Corp.
"Apr 28, 2023",13.17,13.18,13.02,13.08,13.08,"128,900",DJT,Trump Media & Technology Group Corp.
"Apr 27, 2023",13.07,13.12,12.98,13.09,13.09,"81,900",DJT,Trump Media & Technology Group Corp.
"Apr 26, 2023",13.37,13.37,12.92,13.06,13.06,"217,700",DJT,Trump Media & Technology Group Corp.
"Apr 25, 2023",13.46,13.57,13.21,13.36,13.36,"208,100",DJT,Trump Media & Technology Group Corp.
"Apr 24, 2023",13.01,13.70,12.93,13.42,13.42,"524,100",DJT,Trump Media & Technology Group Corp.
"Apr 21, 2023",12.98,13.36,12.98,13.04,13.04,"174,500",DJT,Trump Media & Technology Group Corp.
"Apr 20, 2023",13.00,13.10,12.91,12.95,12.95,"134,300",DJT,Trump Media & Technology Group Corp.
"Apr 19, 2023",13.02,13.15,12.95,13.04,13.04,"193,700",DJT,Trump Media & Technology Group Corp.
"Apr 18, 2023",13.28,13.50,13.16,13.16,13.16,"153,700",DJT,Trump Media & Technology Group Corp.
"Apr 17, 2023",13.20,13.40,13.10,13.35,13.35,"203,800",DJT,Trump Media & Technology Group Corp.
"Apr 14, 2023",13.16,13.36,13.04,13.12,13.12,"171,700",DJT,Trump Media & Technology Group Corp.
"Apr 13, 2023",13.00,13.15,12.90,13.14,13.14,"217,700",DJT,Trump Media & Technology Group Corp.
"Apr 12, 2023",13.13,13.25,12.90,13.01,13.01,"196,400",DJT,Trump Media & Technology Group Corp.
"Apr 11, 2023",13.18,13.30,13.08,13.10,13.10,"266,900",DJT,Trump Media & Technology Group Corp.
"Apr 10, 2023",13.15,13.34,12.92,13.19,13.19,"370,000",DJT,Trump Media & Technology Group Corp.
"Apr 6, 2023",13.58,13.63,13.10,13.34,13.34,"332,400",DJT,Trump Media & Technology Group Corp.
"Apr 5, 2023",13.83,13.99,13.24,13.58,13.58,"528,000",DJT,Trump Media & Technology Group Corp.
"Apr 4, 2023",14.81,14.88,13.76,14.03,14.03,"1,817,000",DJT,Trump Media & Technology Group Corp.
"Apr 3, 2023",14.25,16.00,14.10,15.25,15.25,"2,548,600",DJT,Trump Media & Technology Group Corp.
"Mar 31, 2023",14.07,14.53,13.52,14.05,14.05,"2,406,300",DJT,Trump Media & Technology Group Corp.
"Mar 30, 2023",13.19,13.28,13.05,13.06,13.06,"699,600",DJT,Trump Media & Technology Group Corp.
"Mar 29, 2023",13.45,13.50,13.00,13.09,13.09,"250,200",DJT,Trump Media & Technology Group Corp.
"Mar 28, 2023",13.37,13.63,13.32,13.34,13.34,"174,800",DJT,Trump Media & Technology Group Corp.
"Mar 27, 2023",13.25,13.91,13.01,13.63,13.63,"422,300",DJT,Trump Media & Technology Group Corp.
"Mar 24, 2023",13.50,13.50,12.90,12.92,12.92,"241,800",DJT,Trump Media & Technology Group Corp.
"Mar 23, 2023",13.30,13.50,12.96,13.50,13.50,"323,600",DJT,Trump Media & Technology Group Corp.
"Mar 22, 2023",13.51,13.63,12.95,13.30,13.30,"448,900",DJT,Trump Media & Technology Group Corp.
"Mar 21, 2023",13.97,14.77,13.07,13.63,13.63,"1,476,600",DJT,Trump Media & Technology Group Corp.
"Mar 20, 2023",12.50,15.25,12.40,13.87,13.87,"4,212,100",DJT,Trump Media & Technology Group Corp.
"Mar 17, 2023",12.44,12.79,12.40,12.50,12.50,"272,000",DJT,Trump Media & Technology Group Corp.
"Mar 16, 2023",12.56,12.59,12.34,12.57,12.57,"235,300",DJT,Trump Media & Technology Group Corp.
"Mar 15, 2023",12.64,12.94,12.48,12.51,12.51,"413,900",DJT,Trump Media & Technology Group Corp.
"Mar 14, 2023",13.35,13.48,13.16,13.25,13.25,"149,000",DJT,Trump Media & Technology Group Corp.
"Mar 13, 2023",13.19,13.34,12.65,13.23,13.23,"500,300",DJT,Trump Media & Technology Group Corp.
"Mar 10, 2023",14.01,14.17,13.38,13.73,13.73,"323,200",DJT,Trump Media & Technology Group Corp.
"Mar 9, 2023",14.30,14.30,14.02,14.03,14.03,"180,200",DJT,Trump Media & Technology Group Corp.
"Mar 8, 2023",14.37,14.39,14.21,14.23,14.23,"121,400",DJT,Trump Media & Technology Group Corp.
"Mar 7, 2023",14.47,14.55,14.27,14.30,14.30,"140,100",DJT,Trump Media & Technology Group Corp.
"Mar 6, 2023",14.52,14.63,14.33,14.57,14.57,"220,900",DJT,Trump Media & Technology Group Corp.
"Mar 3, 2023",14.36,14.55,14.23,14.47,14.47,"269,500",DJT,Trump Media & Technology Group Corp.
"Mar 2, 2023",14.75,14.75,14.10,14.46,14.46,"353,600",DJT,Trump Media & Technology Group Corp.
"Mar 1, 2023",14.88,14.88,14.61,14.76,14.76,"144,100",DJT,Trump Media & Technology Group Corp.
"Feb 28, 2023",14.97,15.14,14.74,14.79,14.79,"331,900",DJT,Trump Media & Technology Group Corp.
"Feb 27, 2023",14.73,15.05,14.65,14.97,14.97,"171,400",DJT,Trump Media & Technology Group Corp.
"Feb 24, 2023",14.75,14.89,14.53,14.65,14.65,"125,800",DJT,Trump Media & Technology Group Corp.
"Feb 23, 2023",15.02,15.02,14.65,14.81,14.81,"159,500",DJT,Trump Media & Technology Group Corp.
"Feb 22, 2023",14.92,15.07,14.63,14.87,14.87,"305,600",DJT,Trump Media & Technology Group Corp.
"Feb 21, 2023",15.05,15.20,14.82,15.01,15.01,"251,200",DJT,Trump Media & Technology Group Corp.
"Feb 17, 2023",15.14,15.20,14.92,15.04,15.04,"159,500",DJT,Trump Media & Technology Group Corp.
"Feb 16, 2023",15.08,15.38,15.08,15.13,15.13,"180,500",DJT,Trump Media & Technology Group Corp.
"Feb 15, 2023",14.87,15.27,14.87,15.10,15.10,"187,700",DJT,Trump Media & Technology Group Corp.
"Feb 14, 2023",14.81,15.18,14.73,15.00,15.00,"188,200",DJT,Trump Media & Technology Group Corp.
"Feb 13, 2023",14.95,15.11,14.70,14.81,14.81,"373,900",DJT,Trump Media & Technology Group Corp.
"Feb 10, 2023",15.09,15.49,15.00,15.01,15.01,"232,200",DJT,Trump Media & Technology Group Corp.
"Feb 9, 2023",15.85,15.85,15.01,15.12,15.12,"304,800",DJT,Trump Media & Technology Group Corp.
"Feb 8, 2023",15.80,15.94,15.48,15.64,15.64,"159,600",DJT,Trump Media & Technology Group Corp.
"Feb 7, 2023",15.99,16.08,15.45,15.73,15.73,"197,800",DJT,Trump Media & Technology Group Corp.
"Feb 6, 2023",15.75,16.17,15.74,16.04,16.04,"256,000",DJT,Trump Media & Technology Group Corp.
"Feb 3, 2023",16.60,17.02,15.71,16.08,16.08,"483,000",DJT,Trump Media & Technology Group Corp.
"Feb 2, 2023",15.32,17.63,15.26,16.86,16.86,"1,440,900",DJT,Trump Media & Technology Group Corp.
"Feb 1, 2023",15.39,15.47,14.95,15.34,15.34,"332,900",DJT,Trump Media & Technology Group Corp.
"Jan 31, 2023",15.50,15.50,15.16,15.31,15.31,"291,200",DJT,Trump Media & Technology Group Corp.
"Jan 30, 2023",15.32,15.53,15.08,15.40,15.40,"305,500",DJT,Trump Media & Technology Group Corp.
"Jan 27, 2023",15.17,15.58,14.90,15.32,15.32,"581,800",DJT,Trump Media & Technology Group Corp.
"Jan 26, 2023",15.01,15.35,14.71,15.31,15.31,"683,000",DJT,Trump Media & Technology Group Corp.
"Jan 25, 2023",14.50,14.97,14.16,14.90,14.90,"738,200",DJT,Trump Media & Technology Group Corp.
"Jan 24, 2023",15.09,15.19,14.33,14.48,14.48,"950,100",DJT,Trump Media & Technology Group Corp.
"Jan 23, 2023",15.33,15.41,14.72,15.08,15.08,"1,363,500",DJT,Trump Media & Technology Group Corp.
"Jan 20, 2023",15.70,16.06,15.65,15.66,15.66,"441,300",DJT,Trump Media & Technology Group Corp.
"Jan 19, 2023",16.00,16.24,15.51,15.61,15.61,"462,100",DJT,Trump Media & Technology Group Corp.
"Jan 18, 2023",17.45,17.45,15.25,16.06,16.06,"1,169,900",DJT,Trump Media & Technology Group Corp.
"Jan 17, 2023",18.09,18.77,16.77,17.36,17.36,"759,900",DJT,Trump Media & Technology Group Corp.
"Jan 13, 2023",16.44,18.44,16.40,18.03,18.03,"576,000",DJT,Trump Media & Technology Group Corp.
"Jan 12, 2023",16.62,16.88,16.20,16.85,16.85,"235,700",DJT,Trump Media & Technology Group Corp.
"Jan 11, 2023",16.09,16.74,16.01,16.63,16.63,"247,500",DJT,Trump Media & Technology Group Corp.
"Jan 10, 2023",15.99,16.13,15.64,15.97,15.97,"212,900",DJT,Trump Media & Technology Group Corp.
"Jan 9, 2023",16.00,16.35,15.72,16.19,16.19,"308,000",DJT,Trump Media & Technology Group Corp.
"Jan 6, 2023",15.93,15.97,15.45,15.92,15.92,"206,500",DJT,Trump Media & Technology Group Corp.
"Jan 5, 2023",15.39,15.88,15.05,15.88,15.88,"254,600",DJT,Trump Media & Technology Group Corp.
"Jan 4, 2023",15.57,15.69,14.98,15.64,15.64,"401,500",DJT,Trump Media & Technology Group Corp.
"Jan 3, 2023",15.31,15.85,14.87,15.78,15.78,"520,900",DJT,Trump Media & Technology Group Corp.
"Dec 30, 2022",14.98,15.21,14.80,15.00,15.00,"538,400",DJT,Trump Media & Technology Group Corp.
"Dec 29, 2022",15.54,15.75,14.84,14.98,14.98,"709,700",DJT,Trump Media & Technology Group Corp.
"Dec 28, 2022",15.25,16.35,15.10,15.52,15.52,"935,300",DJT,Trump Media & Technology Group Corp.
"Dec 27, 2022",16.68,16.91,15.23,15.23,15.23,"599,800",DJT,Trump Media & Technology Group Corp.
"Dec 23, 2022",16.93,17.15,16.51,17.11,17.11,"304,400",DJT,Trump Media & Technology Group Corp.
"Dec 22, 2022",18.07,18.24,16.57,17.11,17.11,"493,300",DJT,Trump Media & Technology Group Corp.
"Dec 21, 2022",17.00,18.50,16.89,18.50,18.50,"430,900",DJT,Trump Media & Technology Group Corp.
"Dec 20, 2022",17.00,17.88,16.63,16.85,16.85,"475,100",DJT,Trump Media & Technology Group Corp.
"Dec 19, 2022",18.83,19.20,17.01,17.06,17.06,"909,100",DJT,Trump Media & Technology Group Corp.
"Dec 16, 2022",19.12,20.33,19.11,19.22,19.22,"762,600",DJT,Trump Media & Technology Group Corp.
"Dec 15, 2022",21.71,21.75,19.25,20.14,20.14,"1,075,800",DJT,Trump Media & Technology Group Corp.
"Dec 14, 2022",20.40,22.68,19.94,21.43,21.43,"1,370,100",DJT,Trump Media & Technology Group Corp.
"Dec 13, 2022",21.29,21.60,20.52,20.60,20.60,"421,900",DJT,Trump Media & Technology Group Corp.
"Dec 12, 2022",21.35,21.39,20.88,21.29,21.29,"729,800",DJT,Trump Media & Technology Group Corp.
"Dec 9, 2022",21.60,21.94,21.11,21.66,21.66,"282,900",DJT,Trump Media & Technology Group Corp.
"Dec 8, 2022",21.35,21.87,21.21,21.84,21.84,"341,200",DJT,Trump Media & Technology Group Corp.
"Dec 7, 2022",21.00,21.60,20.80,21.49,21.49,"372,600",DJT,Trump Media & Technology Group Corp.
"Dec 6, 2022",22.02,22.12,21.13,21.45,21.45,"608,000",DJT,Trump Media & Technology Group Corp.
"Dec 5, 2022",22.60,22.70,21.70,22.26,22.26,"355,800",DJT,Trump Media & Technology Group Corp.
"Dec 2, 2022",22.01,23.00,21.78,22.83,22.83,"301,800",DJT,Trump Media & Technology Group Corp.
"Dec 1, 2022",22.75,23.09,22.15,22.37,22.37,"479,000",DJT,Trump Media & Technology Group Corp.
"Nov 30, 2022",23.26,23.84,22.75,22.81,22.81,"629,800",DJT,Trump Media & Technology Group Corp.
"Nov 29, 2022",24.40,24.40,23.11,23.52,23.52,"706,100",DJT,Trump Media & Technology Group Corp.
"Nov 28, 2022",23.87,24.66,23.75,24.35,24.35,"775,900",DJT,Trump Media & Technology Group Corp.
"Nov 25, 2022",23.50,25.18,23.11,24.78,24.78,"1,120,600",DJT,Trump Media & Technology Group Corp.
"Nov 23, 2022",22.02,23.78,21.80,23.28,23.28,"1,136,900",DJT,Trump Media & Technology Group Corp.
"Nov 22, 2022",21.50,24.58,21.15,22.73,22.73,"3,167,500",DJT,Trump Media & Technology Group Corp.
"Nov 21, 2022",20.69,21.50,19.50,21.50,21.50,"1,477,800",DJT,Trump Media & Technology Group Corp.
"Nov 18, 2022",20.16,22.42,20.00,21.38,21.38,"2,619,200",DJT,Trump Media & Technology Group Corp.
"Nov 17, 2022",19.87,20.86,19.23,19.94,19.94,"2,802,700",DJT,Trump Media & Technology Group Corp.
"Nov 16, 2022",24.44,25.15,20.80,21.29,21.29,"8,427,900",DJT,Trump Media & Technology Group Corp.
"Nov 15, 2022",27.96,28.10,24.78,25.37,25.37,"5,827,500",DJT,Trump Media & Technology Group Corp.
"Nov 14, 2022",25.89,28.85,25.52,27.83,27.83,"8,379,000",DJT,Trump Media & Technology Group Corp.
"Nov 11, 2022",22.92,25.44,22.45,25.09,25.09,"5,535,300",DJT,Trump Media & Technology Group Corp.
"Nov 10, 2022",20.48,24.49,20.43,22.76,22.76,"4,950,200",DJT,Trump Media & Technology Group Corp.
"Nov 9, 2022",23.03,24.70,21.53,22.55,22.55,"7,347,100",DJT,Trump Media & Technology Group Corp.
"Nov 8, 2022",26.58,29.65,24.60,28.08,28.08,"23,532,600",DJT,Trump Media & Technology Group Corp.
"Nov 7, 2022",22.47,29.80,20.60,29.10,29.10,"33,331,300",DJT,Trump Media & Technology Group Corp.
"Nov 4, 2022",17.00,18.28,16.57,17.48,17.48,"1,184,300",DJT,Trump Media & Technology Group Corp.
"Nov 3, 2022",16.44,16.68,16.08,16.33,16.33,"563,300",DJT,Trump Media & Technology Group Corp.
"Nov 2, 2022",16.80,16.80,16.16,16.21,16.21,"327,400",DJT,Trump Media & Technology Group Corp.
"Nov 1, 2022",16.96,17.00,16.45,16.66,16.66,"587,300",DJT,Trump Media & Technology Group Corp.
"Oct 31, 2022",17.00,17.00,16.28,16.72,16.72,"436,500",DJT,Trump Media & Technology Group Corp.
"Oct 28, 2022",16.40,17.09,15.57,17.07,17.07,"987,500",DJT,Trump Media & Technology Group Corp.
"Oct 27, 2022",17.11,17.17,16.35,16.44,16.44,"285,600",DJT,Trump Media & Technology Group Corp.
"Oct 26, 2022",17.09,17.43,16.76,17.12,17.12,"345,200",DJT,Trump Media & Technology Group Corp.
"Oct 25, 2022",16.23,17.23,16.18,17.20,17.20,"557,400",DJT,Trump Media & Technology Group Corp.
"Oct 24, 2022",16.57,16.77,16.09,16.23,16.23,"447,000",DJT,Trump Media & Technology Group Corp.
"Oct 21, 2022",16.27,16.83,16.06,16.77,16.77,"549,800",DJT,Trump Media & Technology Group Corp.
"Oct 20, 2022",16.33,16.58,16.05,16.15,16.15,"472,100",DJT,Trump Media & Technology Group Corp.
"Oct 19, 2022",16.50,16.60,16.08,16.27,16.27,"311,300",DJT,Trump Media & Technology Group Corp.
"Oct 18, 2022",16.45,17.17,16.04,16.54,16.54,"1,637,600",DJT,Trump Media & Technology Group Corp.
"Oct 17, 2022",17.55,17.57,16.04,16.11,16.11,"1,072,000",DJT,Trump Media & Technology Group Corp.
"Oct 14, 2022",17.91,18.30,16.77,17.49,17.49,"1,161,700",DJT,Trump Media & Technology Group Corp.
"Oct 13, 2022",17.21,21.88,17.09,18.30,18.30,"10,682,300",DJT,Trump Media & Technology Group Corp.
"Oct 12, 2022",16.25,16.48,15.90,15.96,15.96,"445,400",DJT,Trump Media & Technology Group Corp.
"Oct 11, 2022",15.90,16.25,15.59,16.14,16.14,"317,900",DJT,Trump Media & Technology Group Corp.
"Oct 10, 2022",17.02,17.35,16.00,16.01,16.01,"702,900",DJT,Trump Media & Technology Group Corp.
"Oct 7, 2022",17.56,17.79,16.86,17.32,17.32,"316,400",DJT,Trump Media & Technology Group Corp.
"Oct 6, 2022",17.24,18.11,17.17,17.58,17.58,"353,700",DJT,Trump Media & Technology Group Corp.
"Oct 5, 2022",17.53,17.53,16.91,17.15,17.15,"420,000",DJT,Trump Media & Technology Group Corp.
"Oct 4, 2022",18.50,18.76,17.00,17.10,17.10,"1,219,700",DJT,Trump Media & Technology Group Corp.
"Oct 3, 2022",17.19,19.64,17.04,18.05,18.05,"875,100",DJT,Trump Media & Technology Group Corp.
"Sep 30, 2022",16.30,16.95,16.17,16.81,16.81,"387,600",DJT,Trump Media & Technology Group Corp.
"Sep 29, 2022",16.65,17.00,16.19,16.27,16.27,"534,600",DJT,Trump Media & Technology Group Corp.
"Sep 28, 2022",16.50,17.00,16.25,16.74,16.74,"374,800",DJT,Trump Media & Technology Group Corp.
"Sep 27, 2022",17.30,17.45,16.48,16.92,16.92,"556,400",DJT,Trump Media & Technology Group Corp.
"Sep 26, 2022",16.48,18.20,15.52,17.52,17.52,"1,147,200",DJT,Trump Media & Technology Group Corp.
"Sep 23, 2022",16.85,16.85,15.20,16.50,16.50,"1,185,800",DJT,Trump Media & Technology Group Corp.
"Sep 22, 2022",17.98,17.98,16.61,16.92,16.92,"982,400",DJT,Trump Media & Technology Group Corp.
"Sep 21, 2022",19.01,19.30,17.18,17.90,17.90,"1,776,600",DJT,Trump Media & Technology Group Corp.
"Sep 20, 2022",21.88,22.00,18.52,18.61,18.61,"1,450,100",DJT,Trump Media & Technology Group Corp.
"Sep 19, 2022",23.02,23.29,21.82,22.40,22.40,"468,900",DJT,Trump Media & Technology Group Corp.
"Sep 16, 2022",23.45,24.24,23.27,23.43,23.43,"470,200",DJT,Trump Media & Technology Group Corp.
"Sep 15, 2022",23.96,24.25,23.25,24.00,24.00,"581,900",DJT,Trump Media & Technology Group Corp.
"Sep 14, 2022",24.57,24.57,23.96,24.19,24.19,"422,000",DJT,Trump Media & Technology Group Corp.
"Sep 13, 2022",23.60,25.00,23.60,24.49,24.49,"638,200",DJT,Trump Media & Technology Group Corp.
"Sep 12, 2022",23.85,24.27,23.61,24.10,24.10,"509,100",DJT,Trump Media & Technology Group Corp.
"Sep 9, 2022",24.37,24.49,22.70,24.00,24.00,"1,772,700",DJT,Trump Media & Technology Group Corp.
"Sep 8, 2022",22.75,25.00,22.51,23.35,23.35,"1,799,100",DJT,Trump Media & Technology Group Corp.
"Sep 7, 2022",20.78,23.30,20.75,23.07,23.07,"1,571,000",DJT,Trump Media & Technology Group Corp.
"Sep 6, 2022",19.73,23.27,19.70,22.13,22.13,"6,027,200",DJT,Trump Media & Technology Group Corp.
"Sep 2, 2022",23.84,25.87,23.67,24.99,24.99,"1,393,700",DJT,Trump Media & Technology Group Corp.
"Sep 1, 2022",24.00,24.28,22.20,23.62,23.62,"994,600",DJT,Trump Media & Technology Group Corp.
"Aug 31, 2022",24.70,25.70,23.98,24.38,24.38,"791,400",DJT,Trump Media & Technology Group Corp.
"Aug 30, 2022",25.50,25.60,24.40,24.59,24.59,"923,200",DJT,Trump Media & Technology Group Corp.
"Aug 29, 2022",26.53,26.82,24.80,25.32,25.32,"1,552,200",DJT,Trump Media & Technology Group Corp.
"Aug 26, 2022",29.01,29.30,26.59,27.52,27.52,"1,118,100",DJT,Trump Media & Technology Group Corp.
"Aug 25, 2022",30.10,30.30,28.52,29.42,29.42,"670,200",DJT,Trump Media & Technology Group Corp.
"Aug 24, 2022",30.01,30.98,29.83,30.15,30.15,"566,800",DJT,Trump Media & Technology Group Corp.
"Aug 23, 2022",30.15,30.99,29.95,30.31,30.31,"392,500",DJT,Trump Media & Technology Group Corp.
"Aug 22, 2022",29.60,31.11,29.50,29.95,29.95,"421,400",DJT,Trump Media & Technology Group Corp.
"Aug 19, 2022",29.75,30.18,29.72,29.96,29.96,"349,600",DJT,Trump Media & Technology Group Corp.
"Aug 18, 2022",30.23,31.20,30.23,30.44,30.44,"286,600",DJT,Trump Media & Technology Group Corp.
"Aug 17, 2022",30.75,31.29,30.03,30.50,30.50,"395,100",DJT,Trump Media & Technology Group Corp.
"Aug 16, 2022",29.52,32.33,29.01,30.81,30.81,"1,597,900",DJT,Trump Media & Technology Group Corp.
"Aug 15, 2022",29.76,30.24,29.50,29.63,29.63,"293,900",DJT,Trump Media & Technology Group Corp.
"Aug 12, 2022",30.10,30.25,29.75,29.76,29.76,"420,000",DJT,Trump Media & Technology Group Corp.
"Aug 11, 2022",30.17,30.60,30.00,30.32,30.32,"367,000",DJT,Trump Media & Technology Group Corp.
"Aug 10, 2022",30.57,30.78,29.88,30.27,30.27,"320,200",DJT,Trump Media & Technology Group Corp.
"Aug 9, 2022",30.00,30.86,29.42,30.00,30.00,"608,100",DJT,Trump Media & Technology Group Corp.
"Aug 8, 2022",30.72,31.93,30.50,30.80,30.80,"559,200",DJT,Trump Media & Technology Group Corp.
"Aug 5, 2022",31.81,32.33,31.38,31.70,31.70,"376,700",DJT,Trump Media & Technology Group Corp.
"Aug 4, 2022",32.29,33.63,31.09,31.65,31.65,"821,900",DJT,Trump Media & Technology Group Corp.
"Aug 3, 2022",29.94,33.27,29.83,30.96,30.96,"1,487,800",DJT,Trump Media & Technology Group Corp.
"Aug 2, 2022",29.50,30.35,29.32,29.90,29.90,"462,000",DJT,Trump Media & Technology Group Corp.
"Aug 1, 2022",29.92,30.45,29.76,30.16,30.16,"448,800",DJT,Trump Media & Technology Group Corp.
"Jul 29, 2022",30.03,30.40,29.83,30.17,30.17,"557,200",DJT,Trump Media & Technology Group Corp.
"Jul 28, 2022",29.93,30.54,29.76,30.19,30.19,"260,800",DJT,Trump Media & Technology Group Corp.
"Jul 27, 2022",30.50,30.52,29.61,30.28,30.28,"385,500",DJT,Trump Media & Technology Group Corp.
"Jul 26, 2022",30.73,31.62,29.89,30.17,30.17,"582,600",DJT,Trump Media & Technology Group Corp.
"Jul 25, 2022",31.99,31.99,30.37,31.00,31.00,"465,300",DJT,Trump Media & Technology Group Corp.
"Jul 22, 2022",32.03,32.79,30.63,31.59,31.59,"889,600",DJT,Trump Media & Technology Group Corp.
"Jul 21, 2022",30.36,33.32,30.15,32.58,32.58,"2,615,000",DJT,Trump Media & Technology Group Corp.
"Jul 20, 2022",29.50,30.46,29.43,30.15,30.15,"658,200",DJT,Trump Media & Technology Group Corp.
"Jul 19, 2022",28.82,29.95,28.82,29.57,29.57,"882,100",DJT,Trump Media & Technology Group Corp.
"Jul 18, 2022",30.05,30.50,28.79,29.51,29.51,"1,132,300",DJT,Trump Media & Technology Group Corp.
"Jul 15, 2022",30.09,32.00,29.20,30.00,30.00,"2,163,500",DJT,Trump Media & Technology Group Corp.
"Jul 14, 2022",27.20,30.73,27.13,29.74,29.74,"2,897,600",DJT,Trump Media & Technology Group Corp.
"Jul 13, 2022",27.11,28.20,26.87,27.60,27.60,"1,035,100",DJT,Trump Media & Technology Group Corp.
"Jul 12, 2022",28.30,30.09,26.77,28.58,28.58,"4,225,500",DJT,Trump Media & Technology Group Corp.
"Jul 11, 2022",28.65,30.90,26.58,29.45,29.45,"10,946,900",DJT,Trump Media & Technology Group Corp.
"Jul 8, 2022",23.84,25.10,23.79,24.52,24.52,"1,500,000",DJT,Trump Media & Technology Group Corp.
"Jul 7, 2022",23.62,24.79,22.50,24.12,24.12,"1,243,300",DJT,Trump Media & Technology Group Corp.
"Jul 6, 2022",23.83,24.38,23.46,23.72,23.72,"578,100",DJT,Trump Media & Technology Group Corp.
"Jul 5, 2022",23.52,25.30,23.25,24.02,24.02,"1,003,000",DJT,Trump Media & Technology Group Corp.
"Jul 1, 2022",24.46,24.46,23.37,24.20,24.20,"491,300",DJT,Trump Media & Technology Group Corp.
"Jun 30, 2022",22.00,25.34,22.00,24.16,24.16,"1,773,400",DJT,Trump Media & Technology Group Corp.
"Jun 29, 2022",24.27,24.48,22.33,22.57,22.57,"1,269,500",DJT,Trump Media & Technology Group Corp.
"Jun 28, 2022",25.35,27.25,24.11,24.37,24.37,"1,701,800",DJT,Trump Media & Technology Group Corp.
"Jun 27, 2022",25.11,25.89,24.60,25.16,25.16,"2,103,300",DJT,Trump Media & Technology Group Corp.
"Jun 24, 2022",27.65,28.20,27.65,27.82,27.82,"469,800",DJT,Trump Media & Technology Group Corp.
"Jun 23, 2022",27.40,28.40,27.40,27.95,27.95,"463,600",DJT,Trump Media & Technology Group Corp.
"Jun 22, 2022",27.50,28.58,27.48,27.91,27.91,"536,100",DJT,Trump Media & Technology Group Corp.
"Jun 21, 2022",28.47,29.13,27.86,28.58,28.58,"963,600",DJT,Trump Media & Technology Group Corp.
"Jun 17, 2022",29.50,29.60,26.32,27.99,27.99,"1,438,900",DJT,Trump Media & Technology Group Corp.
"Jun 16, 2022",28.50,29.65,28.12,29.30,29.30,"834,300",DJT,Trump Media & Technology Group Corp.
"Jun 15, 2022",28.57,31.45,28.51,30.13,30.13,"1,965,500",DJT,Trump Media & Technology Group Corp.
"Jun 14, 2022",37.50,38.44,26.71,27.30,27.30,"3,812,700",DJT,Trump Media & Technology Group Corp.
"Jun 13, 2022",39.74,42.00,36.50,38.01,38.01,"1,615,500",DJT,Trump Media & Technology Group Corp.
"Jun 10, 2022",42.50,43.85,42.37,43.79,43.79,"417,500",DJT,Trump Media & Technology Group Corp.
"Jun 9, 2022",43.53,44.09,43.17,43.62,43.62,"357,300",DJT,Trump Media & Technology Group Corp.
"Jun 8, 2022",43.75,45.10,43.74,43.98,43.98,"396,400",DJT,Trump Media & Technology Group Corp.
"Jun 7, 2022",43.70,45.40,43.31,44.31,44.31,"402,100",DJT,Trump Media & Technology Group Corp.
"Jun 6, 2022",44.59,44.83,43.50,43.95,43.95,"410,200",DJT,Trump Media & Technology Group Corp.
"Jun 3, 2022",43.20,45.79,43.20,44.07,44.07,"660,100",DJT,Trump Media & Technology Group Corp.
"Jun 2, 2022",42.05,46.04,42.03,44.14,44.14,"854,200",DJT,Trump Media & Technology Group Corp.
"Jun 1, 2022",42.90,43.95,42.48,42.99,42.99,"601,700",DJT,Trump Media & Technology Group Corp.
"May 31, 2022",43.80,44.16,42.40,43.71,43.71,"642,100",DJT,Trump Media & Technology Group Corp.
"May 27, 2022",44.73,45.63,41.59,44.48,44.48,"1,814,200",DJT,Trump Media & Technology Group Corp.
"May 26, 2022",44.33,46.55,44.28,44.88,44.88,"1,071,500",DJT,Trump Media & Technology Group Corp.
"May 25, 2022",43.62,45.73,43.62,45.14,45.14,"876,600",DJT,Trump Media & Technology Group Corp.
"May 24, 2022",44.00,44.88,42.72,44.87,44.87,"1,075,000",DJT,Trump Media & Technology Group Corp.
"May 23, 2022",44.30,45.45,43.45,45.34,45.34,"950,200",DJT,Trump Media & Technology Group Corp.
"May 20, 2022",44.00,45.74,43.67,45.06,45.06,"872,900",DJT,Trump Media & Technology Group Corp.
"May 19, 2022",43.78,45.47,42.50,44.09,44.09,"668,900",DJT,Trump Media & Technology Group Corp.
"May 18, 2022",45.70,46.00,44.10,44.67,44.67,"982,900",DJT,Trump Media & Technology Group Corp.
"May 17, 2022",44.84,46.75,43.81,46.21,46.21,"1,495,700",DJT,Trump Media & Technology Group Corp.
"May 16, 2022",44.85,46.00,43.10,45.75,45.75,"2,336,300",DJT,Trump Media & Technology Group Corp.
"May 13, 2022",39.80,42.20,39.80,41.98,41.98,"1,733,400",DJT,Trump Media & Technology Group Corp.
"May 12, 2022",37.01,41.60,36.40,38.78,38.78,"1,683,600",DJT,Trump Media & Technology Group Corp.
"May 11, 2022",40.10,41.35,38.90,39.15,39.15,"1,232,500",DJT,Trump Media & Technology Group Corp.
"May 10, 2022",43.60,44.00,40.10,41.29,41.29,"1,297,100",DJT,Trump Media & Technology Group Corp.
"May 9, 2022",45.60,47.32,42.04,42.42,42.42,"1,635,900",DJT,Trump Media & Technology Group Corp.
"May 6, 2022",45.93,48.37,43.80,47.39,47.39,"1,951,500",DJT,Trump Media & Technology Group Corp.
"May 5, 2022",47.00,48.74,45.08,45.43,45.43,"1,522,000",DJT,Trump Media & Technology Group Corp.
"May 4, 2022",46.88,49.75,45.70,47.82,47.82,"2,459,000",DJT,Trump Media & Technology Group Corp.
"May 3, 2022",48.30,49.36,45.40,46.61,46.61,"2,220,000",DJT,Trump Media & Technology Group Corp.
"May 2, 2022",52.10,53.18,47.15,47.91,47.91,"3,079,100",DJT,Trump Media & Technology Group Corp.
"Apr 29, 2022",53.90,53.96,49.26,52.39,52.39,"6,250,300",DJT,Trump Media & Technology Group Corp.
"Apr 28, 2022",47.36,49.60,45.75,48.06,48.06,"4,837,600",DJT,Trump Media & Technology Group Corp.
"Apr 27, 2022",42.87,50.50,41.75,44.55,44.55,"9,681,900",DJT,Trump Media & Technology Group Corp.
"Apr 26, 2022",36.70,42.29,35.81,40.80,40.80,"5,494,300",DJT,Trump Media & Technology Group Corp.
"Apr 25, 2022",39.63,41.29,33.25,35.71,35.71,"7,126,900",DJT,Trump Media & Technology Group Corp.
"Apr 22, 2022",39.67,42.59,39.32,41.00,41.00,"2,063,900",DJT,Trump Media & Technology Group Corp.
"Apr 21, 2022",45.16,46.20,37.68,37.96,37.96,"3,411,100",DJT,Trump Media & Technology Group Corp.
"Apr 20, 2022",47.99,48.49,44.59,45.91,45.91,"1,584,400",DJT,Trump Media & Technology Group Corp.
"Apr 19, 2022",46.75,49.98,46.75,48.81,48.81,"1,295,700",DJT,Trump Media & Technology Group Corp.
"Apr 18, 2022",49.78,50.75,46.54,47.60,47.60,"1,368,400",DJT,Trump Media & Technology Group Corp.
"Apr 14, 2022",46.90,50.25,46.40,49.40,49.40,"2,302,800",DJT,Trump Media & Technology Group Corp.
"Apr 13, 2022",47.67,51.00,47.21,49.04,49.04,"2,206,400",DJT,Trump Media & Technology Group Corp.
"Apr 12, 2022",44.90,50.50,44.25,48.13,48.13,"4,798,100",DJT,Trump Media & Technology Group Corp.
"Apr 11, 2022",46.83,47.29,44.60,45.45,45.45,"1,512,100",DJT,Trump Media & Technology Group Corp.
"Apr 8, 2022",47.72,48.40,45.33,46.29,46.29,"1,026,200",DJT,Trump Media & Technology Group Corp.
"Apr 7, 2022",46.76,50.95,46.54,48.01,48.01,"2,004,700",DJT,Trump Media & Technology Group Corp.
"Apr 6, 2022",45.11,48.18,43.01,47.50,47.50,"4,167,600",DJT,Trump Media & Technology Group Corp.
"Apr 5, 2022",52.13,53.96,46.65,48.00,48.00,"6,868,300",DJT,Trump Media & Technology Group Corp.
"Apr 4, 2022",54.50,58.60,54.05,56.94,56.94,"4,760,200",DJT,Trump Media & Technology Group Corp.
"Apr 1, 2022",60.59,64.15,59.00,63.25,63.25,"2,654,300",DJT,Trump Media & Technology Group Corp.
"Mar 31, 2022",68.16,68.98,64.27,64.51,64.51,"1,550,500",DJT,Trump Media & Technology Group Corp.
"Mar 30, 2022",69.02,69.70,68.27,68.47,68.47,"749,500",DJT,Trump Media & Technology Group Corp.
"Mar 29, 2022",69.79,71.00,67.10,69.81,69.81,"1,754,500",DJT,Trump Media & Technology Group Corp.
"Mar 28, 2022",70.45,70.81,69.02,70.12,70.12,"1,137,000",DJT,Trump Media & Technology Group Corp.
"Mar 25, 2022",72.00,73.93,69.22,71.50,71.50,"1,568,600",DJT,Trump Media & Technology Group Corp.
"Mar 24, 2022",71.50,74.84,71.10,72.53,72.53,"1,426,700",DJT,Trump Media & Technology Group Corp.
"Mar 23, 2022",70.00,74.33,70.00,71.25,71.25,"1,749,000",DJT,Trump Media & Technology Group Corp.
"Mar 22, 2022",68.39,72.28,68.11,71.00,71.00,"2,295,700",DJT,Trump Media & Technology Group Corp.
"Mar 21, 2022",70.00,71.50,67.11,68.91,68.91,"2,135,000",DJT,Trump Media & Technology Group Corp.
"Mar 18, 2022",67.00,72.78,65.84,71.47,71.47,"3,358,100",DJT,Trump Media & Technology Group Corp.
"Mar 17, 2022",66.57,68.47,65.82,67.80,67.80,"1,034,100",DJT,Trump Media & Technology Group Corp.
"Mar 16, 2022",68.12,69.75,64.46,68.00,68.00,"2,569,500",DJT,Trump Media & Technology Group Corp.
"Mar 15, 2022",62.01,66.55,61.05,66.30,66.30,"2,489,800",DJT,Trump Media & Technology Group Corp.
"Mar 14, 2022",70.11,70.60,60.32,61.99,61.99,"3,509,400",DJT,Trump Media & Technology Group Corp.
"Mar 11, 2022",71.00,73.35,68.51,71.37,71.37,"2,272,900",DJT,Trump Media & Technology Group Corp.
"Mar 10, 2022",74.54,76.48,67.90,70.29,70.29,"2,881,200",DJT,Trump Media & Technology Group Corp.
"Mar 9, 2022",77.88,80.00,74.71,75.74,75.74,"2,299,300",DJT,Trump Media & Technology Group Corp.
"Mar 8, 2022",83.50,85.30,70.77,75.13,75.13,"5,085,400",DJT,Trump Media & Technology Group Corp.
"Mar 7, 2022",95.76,96.59,81.77,83.34,83.34,"4,432,900",DJT,Trump Media & Technology Group Corp.
"Mar 4, 2022",97.60,98.74,93.59,97.54,97.54,"3,396,800",DJT,Trump Media & Technology Group Corp.
"Mar 3, 2022",96.77,100.22,95.00,97.25,97.25,"4,557,800",DJT,Trump Media & Technology Group Corp.
"Mar 2, 2022",96.69,101.87,92.41,95.15,95.15,"8,893,400",DJT,Trump Media & Technology Group Corp.
"Mar 1, 2022",91.91,96.20,91.00,95.10,95.10,"4,082,800",DJT,Trump Media & Technology Group Corp.
"Feb 28, 2022",90.24,92.80,88.20,92.05,92.05,"3,575,600",DJT,Trump Media & Technology Group Corp.
"Feb 25, 2022",88.63,93.44,86.75,89.47,89.47,"3,884,900",DJT,Trump Media & Technology Group Corp.
"Feb 24, 2022",79.02,87.77,78.50,87.32,87.32,"4,704,500",DJT,Trump Media & Technology Group Corp.
"Feb 23, 2022",89.80,91.65,86.26,88.50,88.50,"4,784,800",DJT,Trump Media & Technology Group Corp.
"Feb 22, 2022",98.16,99.03,85.65,92.90,92.90,"19,824,800",DJT,Trump Media & Technology Group Corp.
"Feb 18, 2022",86.00,86.90,81.75,84.32,84.32,"2,730,900",DJT,Trump Media & Technology Group Corp.
"Feb 17, 2022",85.20,90.20,82.25,85.49,85.49,"7,479,000",DJT,Trump Media & Technology Group Corp.
"Feb 16, 2022",83.50,87.50,81.71,85.16,85.16,"6,001,400",DJT,Trump Media & Technology Group Corp.
"Feb 15, 2022",80.24,82.25,79.31,81.15,81.15,"2,701,200",DJT,Trump Media & Technology Group Corp.
"Feb 14, 2022",80.83,82.20,77.75,79.95,79.95,"2,667,500",DJT,Trump Media & Technology Group Corp.
"Feb 11, 2022",82.26,84.92,79.00,82.00,82.00,"3,332,300",DJT,Trump Media & Technology Group Corp.
"Feb 10, 2022",81.98,85.12,81.49,82.88,82.88,"2,768,500",DJT,Trump Media & Technology Group Corp.
"Feb 9, 2022",85.16,87.43,80.55,83.40,83.40,"5,367,600",DJT,Trump Media & Technology Group Corp.
"Feb 8, 2022",82.60,86.74,77.50,84.56,84.56,"8,601,200",DJT,Trump Media & Technology Group Corp.
"Feb 7, 2022",87.02,97.15,80.58,83.88,83.88,"21,193,200",DJT,Trump Media & Technology Group Corp.
"Feb 4, 2022",81.09,86.32,80.70,84.45,84.45,"8,884,200",DJT,Trump Media & Technology Group Corp.
"Feb 3, 2022",76.01,86.85,75.20,81.09,81.09,"8,724,500",DJT,Trump Media & Technology Group Corp.
"Feb 2, 2022",82.92,83.36,76.59,79.83,79.83,"6,868,300",DJT,Trump Media & Technology Group Corp.
"Feb 1, 2022",73.50,84.62,71.14,83.25,83.25,"9,719,600",DJT,Trump Media & Technology Group Corp.
"Jan 31, 2022",70.74,75.50,70.24,73.07,73.07,"5,006,000",DJT,Trump Media & Technology Group Corp.
"Jan 28, 2022",66.25,69.70,63.60,68.75,68.75,"2,467,400",DJT,Trump Media & Technology Group Corp.
"Jan 27, 2022",70.35,71.63,65.00,66.43,66.43,"2,579,800",DJT,Trump Media & Technology Group Corp.
"Jan 26, 2022",71.83,73.40,66.81,69.39,69.39,"5,006,900",DJT,Trump Media & Technology Group Corp.
"Jan 25, 2022",66.80,73.65,64.80,68.98,68.98,"6,097,500",DJT,Trump Media & Technology Group Corp.
"Jan 24, 2022",66.76,69.52,60.00,67.21,67.21,"7,226,900",DJT,Trump Media & Technology Group Corp.
"Jan 21, 2022",81.62,83.50,71.37,73.12,73.12,"8,173,800",DJT,Trump Media & Technology Group Corp.
"Jan 20, 2022",80.27,87.00,77.75,80.54,80.54,"12,408,900",DJT,Trump Media & Technology Group Corp.
"Jan 19, 2022",91.06,91.50,77.36,77.45,77.45,"17,543,800",DJT,Trump Media & Technology Group Corp.
"Jan 18, 2022",73.15,90.24,72.43,86.31,86.31,"23,708,800",DJT,Trump Media & Technology Group Corp.
"Jan 14, 2022",67.35,72.45,67.00,70.88,70.88,"8,816,700",DJT,Trump Media & Technology Group Corp.
"Jan 13, 2022",70.25,74.47,66.25,67.61,67.61,"13,468,700",DJT,Trump Media & Technology Group Corp.
"Jan 12, 2022",64.10,71.81,62.13,71.26,71.26,"16,691,000",DJT,Trump Media & Technology Group Corp.
"Jan 11, 2022",56.45,66.19,55.03,63.80,63.80,"15,790,500",DJT,Trump Media & Technology Group Corp.
"Jan 10, 2022",53.50,60.15,51.07,55.91,55.91,"7,807,500",DJT,Trump Media & Technology Group Corp.
"Jan 7, 2022",56.29,57.86,53.50,53.98,53.98,"6,245,000",DJT,Trump Media & Technology Group Corp.
"Jan 6, 2022",50.48,61.85,45.20,60.27,60.27,"10,941,700",DJT,Trump Media & Technology Group Corp.
"Jan 5, 2022",52.00,52.10,50.01,50.37,50.37,"1,149,100",DJT,Trump Media & Technology Group Corp.
"Jan 4, 2022",52.00,52.70,51.20,52.23,52.23,"1,127,900",DJT,Trump Media & Technology Group Corp.
"Jan 3, 2022",51.40,52.68,51.35,51.70,51.70,"1,029,200",DJT,Trump Media & Technology Group Corp.
"Dec 31, 2021",51.90,54.76,51.15,51.43,51.43,"2,224,700",DJT,Trump Media & Technology Group Corp.
"Dec 30, 2021",50.90,52.32,50.39,51.91,51.91,"1,364,000",DJT,Trump Media & Technology Group Corp.
"Dec 29, 2021",52.25,52.99,50.50,50.66,50.66,"1,043,600",DJT,Trump Media & Technology Group Corp.
"Dec 28, 2021",52.89,53.96,52.30,52.45,52.45,"1,370,200",DJT,Trump Media & Technology Group Corp.
"Dec 27, 2021",53.50,54.74,52.25,52.96,52.96,"1,676,900",DJT,Trump Media & Technology Group Corp.
"Dec 23, 2021",52.11,54.67,51.64,53.10,53.10,"1,987,100",DJT,Trump Media & Technology Group Corp.
"Dec 22, 2021",50.66,53.97,50.49,52.05,52.05,"2,881,600",DJT,Trump Media & Technology Group Corp.
"Dec 21, 2021",51.50,52.32,49.53,50.63,50.63,"1,376,200",DJT,Trump Media & Technology Group Corp.
"Dec 20, 2021",49.02,53.77,48.78,50.63,50.63,"2,425,200",DJT,Trump Media & Technology Group Corp.
"Dec 17, 2021",50.01,52.30,49.00,50.06,50.06,"1,578,800",DJT,Trump Media & Technology Group Corp.
"Dec 16, 2021",53.50,54.33,50.10,51.33,51.33,"1,828,200",DJT,Trump Media & Technology Group Corp.
"Dec 15, 2021",52.68,53.97,49.77,53.48,53.48,"3,159,500",DJT,Trump Media & Technology Group Corp.
"Dec 14, 2021",48.72,50.75,47.90,49.83,49.83,"3,122,600",DJT,Trump Media & Technology Group Corp.
"Dec 13, 2021",56.92,57.27,50.00,50.49,50.49,"4,055,800",DJT,Trump Media & Technology Group Corp.
"Dec 10, 2021",59.08,60.98,55.07,56.02,56.02,"5,983,100",DJT,Trump Media & Technology Group Corp.
"Dec 9, 2021",62.86,65.29,55.72,56.55,56.55,"10,194,800",DJT,Trump Media & Technology Group Corp.
"Dec 8, 2021",51.45,66.31,48.50,65.42,65.42,"28,608,300",DJT,Trump Media & Technology Group Corp.
"Dec 7, 2021",45.85,51.09,45.21,51.07,51.07,"8,167,100",DJT,Trump Media & Technology Group Corp.
"Dec 6, 2021",49.10,49.46,41.26,43.81,43.81,"6,728,300",DJT,Trump Media & Technology Group Corp.
"Dec 3, 2021",46.63,46.89,41.51,44.97,44.97,"3,240,400",DJT,Trump Media & Technology Group Corp.
"Dec 2, 2021",52.16,53.97,44.60,47.11,47.11,"15,731,900",DJT,Trump Media & Technology Group Corp.
"Dec 1, 2021",41.46,44.35,36.69,44.35,44.35,"6,514,100",DJT,Trump Media & Technology Group Corp.
"Nov 30, 2021",41.63,43.67,39.77,41.39,41.39,"1,570,100",DJT,Trump Media & Technology Group Corp.
"Nov 29, 2021",43.46,44.20,41.51,42.74,42.74,"1,393,400",DJT,Trump Media & Technology Group Corp.
"Nov 26, 2021",40.70,46.70,37.17,43.10,43.10,"2,211,200",DJT,Trump Media & Technology Group Corp.
"Nov 24, 2021",39.19,45.41,38.03,43.15,43.15,"4,235,900",DJT,Trump Media & Technology Group Corp.
"Nov 23, 2021",44.28,45.66,38.06,39.48,39.48,"3,992,800",DJT,Trump Media & Technology Group Corp.
"Nov 22, 2021",51.05,51.48,43.60,44.85,44.85,"4,838,200",DJT,Trump Media & Technology Group Corp.
"Nov 19, 2021",56.20,57.19,50.35,51.21,51.21,"4,082,100",DJT,Trump Media & Technology Group Corp.
"Nov 18, 2021",58.10,59.54,55.22,56.20,56.20,"2,900,100",DJT,Trump Media & Technology Group Corp.
"Nov 17, 2021",60.23,60.96,58.25,58.50,58.50,"1,776,500",DJT,Trump Media & Technology Group Corp.
"Nov 16, 2021",59.71,63.50,59.45,59.99,59.99,"5,020,900",DJT,Trump Media & Technology Group Corp.
"Nov 15, 2021",60.00,61.80,58.50,59.90,59.90,"2,818,400",DJT,Trump Media & Technology Group Corp.
"Nov 12, 2021",58.37,65.00,57.43,59.18,59.18,"9,841,500",DJT,Trump Media & Technology Group Corp.
"Nov 11, 2021",58.54,59.00,57.11,58.08,58.08,"1,939,100",DJT,Trump Media & Technology Group Corp.
"Nov 10, 2021",56.90,61.72,55.05,58.30,58.30,"5,042,700",DJT,Trump Media & Technology Group Corp.
"Nov 9, 2021",59.72,60.24,56.80,57.30,57.30,"2,306,300",DJT,Trump Media & Technology Group Corp.
"Nov 8, 2021",58.00,62.48,56.77,59.85,59.85,"6,951,200",DJT,Trump Media & Technology Group Corp.
"Nov 5, 2021",58.62,59.00,56.25,56.56,56.56,"3,783,700",DJT,Trump Media & Technology Group Corp.
"Nov 4, 2021",63.51,64.86,56.50,58.84,58.84,"5,940,300",DJT,Trump Media & Technology Group Corp.
"Nov 3, 2021",65.20,69.87,61.37,63.25,63.25,"9,232,900",DJT,Trump Media & Technology Group Corp.
"Nov 2, 2021",59.90,68.00,54.55,64.96,64.96,"17,122,300",DJT,Trump Media & Technology Group Corp.
"Nov 1, 2021",66.33,69.13,60.50,60.82,60.82,"10,735,300",DJT,Trump Media & Technology Group Corp.
"Oct 29, 2021",70.36,74.81,66.01,67.75,67.75,"19,851,100",DJT,Trump Media & Technology Group Corp.
"Oct 28, 2021",70.49,77.50,65.60,72.76,72.76,"33,194,400",DJT,Trump Media & Technology Group Corp.
"Oct 27, 2021",60.00,74.00,52.77,64.89,64.89,"47,453,700",DJT,Trump Media & Technology Group Corp.
"Oct 26, 2021",87.10,91.35,55.50,59.07,59.07,"40,572,100",DJT,Trump Media & Technology Group Corp.
"Oct 25, 2021",120.31,121.80,82.45,83.86,83.86,"65,128,600",DJT,Trump Media & Technology Group Corp.
"Oct 22, 2021",118.79,175.00,67.96,94.20,94.20,"133,395,800",DJT,Trump Media & Technology Group Corp.
"Oct 21, 2021",12.73,52.00,12.62,45.50,45.50,"498,782,500",DJT,Trump Media & Technology Group Corp.
"Oct 20, 2021",10.04,10.04,9.95,9.96,9.96,"697,900",DJT,Trump Media & Technology Group Corp.
"Oct 19, 2021",9.97,10.01,9.95,10.01,10.01,"49,900",DJT,Trump Media & Technology Group Corp.
"Oct 18, 2021",9.95,9.97,9.95,9.97,9.97,"1,100",DJT,Trump Media & Technology Group Corp.
"Oct 15, 2021",9.96,9.97,9.95,9.96,9.96,"1,800",DJT,Trump Media & Technology Group Corp.
"Oct 14, 2021",9.97,9.98,9.96,9.97,9.97,"42,900",DJT,Trump Media & Technology Group Corp.
"Oct 13, 2021",10.05,10.05,9.96,9.96,9.96,"2,300",DJT,Trump Media & Technology Group Corp.
"Oct 12, 2021",9.95,9.97,9.95,9.97,9.97,"3,200",DJT,Trump Media & Technology Group Corp.
"Oct 11, 2021",9.94,9.96,9.94,9.95,9.95,"18,400",DJT,Trump Media & Technology Group Corp.
"Oct 8, 2021",9.94,9.95,9.94,9.95,9.95,"5,200",DJT,Trump Media & Technology Group Corp.
"Oct 7, 2021",9.94,9.98,9.94,9.97,9.97,"634,800",DJT,Trump Media & Technology Group Corp.
"Oct 6, 2021",9.90,9.94,9.84,9.92,9.92,"18,600",DJT,Trump Media & Technology Group Corp.
"Oct 5, 2021",10.02,10.02,9.91,9.93,9.93,"8,100",DJT,Trump Media & Technology Group Corp.
"Oct 4, 2021",9.92,10.05,9.90,9.92,9.92,"24,300",DJT,Trump Media & Technology Group Corp.
"Oct 1, 2021",10.00,11.00,9.91,9.94,9.94,"153,100",DJT,Trump Media & Technology Group Corp.
"Sep 30, 2021",16.00,17.33,9.90,9.95,9.95,"296,100",DJT,Trump Media & Technology Group Corp.
