Topic,Count,Name,Representation,Representative_Docs,top_words
-1,2948,-1_tsla_like_nvda_musk,"['tsla', 'like', 'nvda', 'musk', 'elon', 'time', 'company', 'would', 'aapl', 'year']","['2024 year $tsla $tsla', 'musk says robots could make $25 trillion company half value p 500 entire value p 500 currently stands $45.5 trillion according factset. ceo elon musk claimed thursday company optimus humanoid robots could eventually make automaker worth half that. musk characterized pathologically optimistic 2024 annual shareholder meeting austin texas said embarking new chapter life write entirely new book. optimus appears one main characters. first revealed plans work humanoid robots 2021 ai day event trotting dancer unitard looked like sleek androgynous robot. january showed optimus robots folding laundry demo video immediately criticized robotics engineers deceptive. robots autonomous rather operated humans controls. shareholder event thursday musk divulge exactly optimus today. suggested robots day perform like r2 d2 c 3po star wars. could cook clean factory work even teach children musk suggested. shareholder value musk said optimus could catalyst lifting cap $25 trillion someday. speaking crowd consisting mostly fawning fanboys auditorium gigafactory musk promised would move limited production optimus 2025 test humanoid robots factories next year. company predicted 1 000 thousand optimus robots working 2025. far stuff even musk notorious making ambitious promises investors customers pan developing software turn existing self driving vehicle upload ev battery swapping stations. getting $25 trillion cap would mean would worth eight times apple value today. iphone maker currently world biggest company cap ahead microsoft. thursday close valued $580 billion making 10th valuable company p 500. musk provide timeframe reaching $25 trillion. say autonomous vehicles could get company cap $5 trillion $7 trillion. musk said agreed numbers long time bull cathie wood ceo ark invest. week ark $2 600 target 2029 betting commercial robotaxi business company yet enter. wood target equals cap $8 trillion. musk comments annual meeting followed shareholder vote reinstate ceo $56 billion pay plan five months delaware court ordered company rescind package. crowd cheered proposal read aloud preliminary results announced. taking stage following readout shareholder votes musk said want start saying hot love guys. dropped 27 year company reckons sales decline tied part aging lineup electric vehicles increased competition china. company also implemented steep layoffs. musk encouraged investors look past current state business toward future autonomous driving robots artificial intelligence. among boldest claims thursday musk declaration advanced far developing silicon surpassed nvidia comes inference process trained machine learning models use draw conclusions new data. nvidia soared almost nine fold since end 2022 driven demand ai chips. company worth $3.2 trillion. one concern swirling around musk focus given commitments. owns runs social media company x ceo spacex founded boring co. neuralink. launched another startup xai march last year company recently raised $6 billion venture funding. musk asked shareholder meeting important personally future tesla. helpful accelerant future said emphasizing role innovation. said comes humanoid robots companies including tech startups going market. competitors include boston dynamics agility neura apptronik. really matters much faster everyone else product done years better musk said. source', 'true go $tsla $tsla $tsla $tsla $tsla $tsla']",No topic
0,2635,0_tsla_fsd_elon_cybertruck,"['tsla', 'fsd', 'elon', 'cybertruck', 'like', 'would', 'going', 'see', 'car', 'model']","['$tsla $tsla', '$tsla $tsla', 'f u $tsla $tsla']","tsla, fsd, elon, cybertruck, like"
1,1607,1_spy_nvda_qqq_aapl,"['spy', 'nvda', 'qqq', 'aapl', 'tsla', 'amzn', 'amd', 'amc', 'gme', 'msft']","['$nvda $tsla $meta $amzn $goog $nflx $aapl $msft $spy $qqq $dia update $nvda $tsla $meta $amzn $goog $nflx $aapl $msft $spy $qqq $dia', 'sign free $spy $voo $iwm $qqq $tqqq $sqqq $gme $nvda $aapl $amzn $goog $meta $msft $nflx $tsla $f $intc $amc $amd $ffie $spy $voo $iwm $qqq $tqqq $sqqq $gme $nvda $aapl $amzn $goog $meta $msft $nflx $tsla $f $intc $amc $amd $ffie', 'join discuss analysis trading strategy q details $spy $spx $qqq $iwm $aapl $amd $nvda $tsla $amzn $googl $msft $spy $spx $qqq $iwm $aapl $amd $nvda $tsla $amzn $googl $msft']","spy, nvda, qqq, aapl, tsla"
2,427,2_nvda_tsla_meta_msft,"['nvda', 'tsla', 'meta', 'msft', 'amzn', 'amd', 'aapl', 'shorted', 'goog', 'top']","['today moves magnificent 7 $tsla $aapl $msft $nvda $amzn $googl $meta $tsla $aapl $msft $nvda $amzn $googl $meta', 'new $nvda $tsla $nvda $tsla', '$tsla $nvda $tsla $nvda']","nvda, tsla, meta, msft, amzn"
3,396,3_long_trade_watchlist_term,"['long', 'trade', 'watchlist', 'term', 'questions', 'earnings', 'short', 'trading', 'good', 'day']","['watchlist hi ex prop trader trades equities. daily watchlist trading. might trade none given day. might trade appear hold positions long term amazon mag7 general broad indices. . old reddit click show images top see charts quickly. usually make watchlists premarket delayed trading open. mean taken gospel recommendation sell. many post $500m cap. good long term investments good candidates day trade. questions ask please ask specific ones. questions like thoughts ignored unless add detail question. news aapl saw aapl hit ath yesterday top $220. level watching likely trade sideways today. elon musk $56 b pay deal backed shareholders. also likely raise prices europe due tariffs chinese evs announced yesterday. avgo reports earnings $10.96 vs $10.84e. revenue 12.49b vs 12.03b exp. also reported $5.25 dividend 10 1 split occurring july 15 . gme able see open interest june 21 20c open determine certain whether dfv sold calls not. play missed q1 earnings revenue. eps 1.12 vs 1.56e. ceo states company hit incremental labor marketing costs repeat quarter. earnings today adbe rh', 'watchlist hi ex prop trader trades equities. daily watchlist trading. might trade none given day. might trade appear hold positions long term amazon mag7 general broad indices. . old reddit click show images top see charts quickly. usually make watchlists premarket delayed trading open. mean taken gospel recommendation sell. many post $500m cap. potentially good candidates day trade opinion investments. please ask specific ones. questions like thoughts ignored unless add detail question. good investment ignored. block troll. news cut full year revenue guidance new ceo change announced cut fcf revenue guidance. ilmn acquiring fluent biosciences txg due acquisition. looking appropriate places short occur. . still watching see $230 level going play short. watching amzn. another day higher lows. currently long.', 'watchlist watchlist hi ex prop trader trades equities. daily watchlist trading. might trade none given day. might trade appear hold positions long term amazon mag7 general broad indices. . old reddit click show images top see charts quickly. usually make watchlists premarket delayed trading open. mean taken gospel recommendation sell. many post $500m cap. potentially good candidates day trade opinion investments. please ask specific ones. questions like thoughts ignored unless add detail question. good investment ignored. block troll. news get overextended look short. supposed $34 takeover offer. watching amzn potential upswings.']","long, trade, watchlist, term, questions"
4,259,4_company_lithium_million_ev,"['company', 'lithium', 'million', 'ev', 'year', 'vehicles', 'growth', 'uber', 'ai', 'said']","['$allg allego supercharging europe hollandse glorie company overview allego nv provides operates ev charging locations throughout europe. kinds chargers ranging slow charging ultrafast focus fast charging parking lots. operate 34.000 charging points throughout europe. undervalued. us sentiment ev related bad. ev hyped couple years ago failed deliver big growth promises. resulted big anything related ev. company us market. european company european totally different. sales europe ev sales still growing helped legislation. although consumers still reluctant one big organisations switching evs. big companies government organisations strict co2 reduction goals switching evs quick win. company started netherlands one front runners ev adoption. bigger countries france germany slower adopt evs catching rapidly . countries urgent need charging locations lot public tenders business partnerships offered provide chargepoints rapidly. companies able provide many charging locations short amount time allego quickly winning contracts europe. expertise strong steady financial position allowed allego grow fast moment. lot competition europe big initiatives providing charging solutions mainly focused stand alone locations next major roads . financially third quarter 2023 revenue increased 28.2 28.6 million compared 22.3 million prior year period. third quarter 2023 charging revenue increased 53.0 22.0 million compared 14.4 million three months ended september 30 2022. gross profit increased 5.4 million compared million prior year period gross margin quarter 18.9 . third quarter 2023 net loss million compared million prior year period operational ebitda 2.6 million reflecting higher charging revenue improved charging gross margin compared prior year period loss million. allego recently signed two power purchase agreements totaling 100 gigawatt hours energy per year energy solutions group largest independent green energy producer benelux region renewable energy sourced solar park expected operational january 2024 wind farm expected completed january 2025. october allego recorded 1 million sessions per month across network. allego pole position becoming biggest ev charging provider europe. smart strategy place lack competition. way stopping cash burn 2024 turning profitable 2025. macro economic developments helping grow strict european legislation. macro economic developments may unpredictable energy prices energy net congestion. fallen negative sentiment surrounding electric vehicles provides excellent buying opportunity get $0.80 $0.85 range 2023 full year results think climb $1 . $allg', '$allg ev charging station shell big move shell energy force reckoned united states one largest station footprints nation.to meet growing need public ev charging stations however yahoo finance reported company announcement shut 1 000 gas pumps replace public ev charging hubs. upgrading retail network expanded electric vehicle charging convenience offers response changing customer needs read company 2024 energy transition strategy. news tells us shell thinking course demand globally rising. company overview allego nv provides operates ev charging locations throughout europe. kinds chargers ranging slow charging ultrafast focus fast charging parking lots. operate 34.000 charging points throughout europe. undervalued. us sentiment ev related bad. ev hyped couple years ago failed deliver big growth promises. resulted big anything related ev. company us market. european company european totally different. sales europe ev sales still growing helped legislation. although consumers still reluctant one big organisations switching evs. big companies government organisations strict co2 reduction goals switching evs quick win. company started netherlands one front runners ev adoption. bigger countries france germany slower adopt evs catching rapidly . countries urgent need charging locations lot public tenders business partnerships offered provide chargepoints rapidly. companies able provide many charging locations short amount time allego quickly winning contracts europe. expertise strong steady financial position allowed allego grow fast moment. lot competition europe big initiatives providing charging solutions mainly focused stand alone locations next major roads . financially third quarter 2023 revenue increased 28.2 28.6 million compared 22.3 million prior year period. third quarter 2023 charging revenue increased 53.0 22.0 million compared 14.4 million three months ended september 30 2022. gross profit increased 5.4 million compared million prior year period gross margin quarter 18.9 . third quarter 2023 net loss million compared million prior year period operational ebitda 2.6 million reflecting higher charging revenue improved charging gross margin compared prior year period loss million. allego recently signed two power purchase agreements totaling 100 gigawatt hours energy per year energy solutions group largest independent green energy producer benelux region renewable energy sourced solar park expected operational january 2024 wind farm expected completed january 2025. october allego recorded 1 million sessions per month across network. allego pole position becoming biggest ev charging provider europe. smart strategy place lack competition. way stopping cash burn 2024 turning profitable 2025. macro economic developments helping grow strict european legislation. macro economic developments may unpredictable energy prices energy net congestion. fallen negative sentiment surrounding electric vehicles provides excellent buying opportunity get $0.80 $0.85 range 2023 full year results think climb $1 . credits user b123r $allg', '$allg allego hoovering around 1$ waiting ec volvo deal huge recent action slowly dropping low volume running perceived earning calls got delayed due form lacking. expect run target 2$ 3$ especially volvo partner many partners come near term. shell energy force reckoned united states one largest station footprints nation.to meet growing need public ev charging stations however yahoo finance reported company announcement shut 1 000 gas pumps replace public ev charging hubs. upgrading retail network expanded electric vehicle charging convenience offers response changing customer needs read company 2024 energy transition strategy. news tells us shell thinking course demand globally rising. company overview allego nv provides operates ev charging locations throughout europe. kinds chargers ranging slow charging ultrafast focus fast charging parking lots. operate 34.000 charging points throughout europe. undervalued. us sentiment ev related bad. ev hyped couple years ago failed deliver big growth promises. resulted big anything related ev. company us market. european company european totally different. sales europe ev sales still growing helped legislation. although consumers still reluctant one big organisations switching evs. big companies government organisations strict co2 reduction goals switching evs quick win. company started netherlands one front runners ev adoption. bigger countries france germany slower adopt evs catching rapidly . countries urgent need charging locations lot public tenders business partnerships offered provide chargepoints rapidly. companies able provide many charging locations short amount time allego quickly winning contracts europe. expertise strong steady financial position allowed allego grow fast moment. lot competition europe big initiatives providing charging solutions mainly focused stand alone locations next major roads . financially third quarter 2023 revenue increased 28.2 28.6 million compared 22.3 million prior year period. third quarter 2023 charging revenue increased 53.0 22.0 million compared 14.4 million three months ended september 30 2022. gross profit increased 5.4 million compared million prior year period gross margin quarter 18.9 . third quarter 2023 net loss million compared million prior year period operational ebitda 2.6 million reflecting higher charging revenue improved charging gross margin compared prior year period loss million. allego recently signed two power purchase agreements totaling 100 gigawatt hours energy per year energy solutions group largest independent green energy producer benelux region renewable energy sourced solar park expected operational january 2024 wind farm expected completed january 2025. october allego recorded 1 million sessions per month across network. allego pole position becoming biggest ev charging provider europe. smart strategy place lack competition. way stopping cash burn 2024 turning profitable 2025. macro economic developments helping grow strict european legislation. $allg']","company, lithium, million, ev, year"
5,173,5_song_utm_cryptos_btc,"['song', 'utm', 'cryptos', 'btc', 'sentiment', 'medium', 'bearish', 'dlvrit', 'qqq', 'spy']","['top 3 bullish sentiment cryptos crowd $btc $bag $wif top 3 bullish cryptos mp $spy $tsla $btc check sentiment crypto stats $btc $bag $wif $spy $tsla $btc', '$tsla $spy $song amd sank today 2024 sank today 225100145.html utm source dlvr.it utm medium twitter $qqq $aapl $btc $tsla $spy $song $qqq $aapl $btc', '$tsla $spy $song wall street got bullish high yield energy et got 220600540.html utm source dlvr.it utm medium twitter $qqq $aapl $btc $tsla $spy $song $qqq $aapl $btc']","song, utm, cryptos, btc, sentiment"
6,98,6_twt_algo_doge_bnb,"['twt', 'algo', 'doge', 'bnb', 'btc', 'amc', 'gme', 'fearless', 'warriors', 'lunc']","['fearless warriors need $tsla $doge $btc $bnb $twt $algo $gme $amc $nvda $hood $tsla $doge $btc $bnb $twt $algo $gme $amc $nvda $hood', 'fearless warriors ... $tsla $doge $btc $bnb $twt $algo $gme $amc $nvda $hood $tsla $doge $btc $bnb $twt $algo $gme $amc $nvda $hood', 'fearless warriors fellow degens know 30k ... $tsla $doge $btc $bnb $twt $algo $gme $amc $nvda $lunc $sol $tsla $doge $btc $bnb $twt $algo $gme $amc $nvda $lunc $sol']","twt, algo, doge, bnb, btc"
7,64,7_alerts_boxl_gnus_ino,"['alerts', 'boxl', 'gnus', 'ino', 'idex', 'achv', 'discord', 'dynt', 'aapl', 'spy']","['alerts update watchlist discord chatroom options forex $aal $nakd $dynt $ino $gnus $uavs $ino $byfc $tsla $spy $boxl $aapl $ayro $achv $aal $nakd $dynt $ino $gnus $uavs $ino $byfc $tsla $spy $boxl $aapl $ayro $achv', 'alerts update watchlist discord chatroom options forex $aal $nakd $dynt $ino $gnus $uavs $ino $byfc $tsla $spy $boxl $aapl $ayro $achv $aal $nakd $dynt $ino $gnus $uavs $ino $byfc $tsla $spy $boxl $aapl $ayro $achv', 'alerts update watchlist discord chatroom options forex $aal $nakd $dynt $ino $gnus $uavs $ino $byfc $tsla $spy $boxl $aapl $ayro $achv $aal $nakd $dynt $ino $gnus $uavs $ino $byfc $tsla $spy $boxl $aapl $ayro $achv']","alerts, boxl, gnus, ino, idex"
8,53,8_solo_bngo_byfc_boxl,"['solo', 'bngo', 'byfc', 'boxl', 'ino', 'ayro', 'spy', 'jagx', 'phun', 'aapl']","['entries exits daily discord link $solo $w $jagx $ino $byfc $tsla $spy $boxl $aapl $ayro $bngo $phun $solo $w $jagx $ino $byfc $tsla $spy $boxl $aapl $ayro $bngo $phun', 'entries exits daily discord link $solo $w $jagx $ino $byfc $tsla $spy $boxl $aapl $ayro $bngo $phun $solo $w $jagx $ino $byfc $tsla $spy $boxl $aapl $ayro $bngo $phun', 'entries exits daily discord link $solo $w $jagx $ino $byfc $tsla $spy $boxl $aapl $ayro $bngo $phun $solo $w $jagx $ino $byfc $tsla $spy $boxl $aapl $ayro $bngo $phun']","solo, bngo, byfc, boxl, ino"
9,42,9_avax_uni_sweat_doge,"['avax', 'uni', 'sweat', 'doge', 'link', 'ayx', 'tcehy', 'ddog', 'rkt', 'aapl']","['$avax $doge $tsla $uni $link $sweat $aapl give money lol $avax $doge $tsla $uni $link $sweat $aapl', 'back open lol $avax $doge $tsla $uni $link $sweat $aapl $avax $doge $tsla $uni $link $sweat $aapl', 'crazy lol $avax $doge $tsla $uni $link $sweat $aapl $avax $doge $tsla $uni $link $sweat $aapl']","avax, uni, sweat, doge, link"
10,23,10_lcid_rivn_tsla_fcel,"['lcid', 'rivn', 'tsla', 'fcel', 'plug', 'bldp', 'nio', 'nkla', 'be', 'psny']","['$lcid green today $tsla $lcid $tsla', 'would order 1. $lcid 2. $rivn 3. $tsla $lcid $rivn $tsla', 'happen $lcid $tsla killer lucid delivered 6 001 vehicles 2023 $lcid $lcid $lcid $tsla $lcid $lcid']","lcid, rivn, tsla, fcel, plug"
11,18,11_traget_minded_nflx_revealed,"['traget', 'minded', 'nflx', 'revealed', '70', 'live', 'part', 'community', 'analysts', '000']","['live new traget revealed top analysts. part community 70 000 like minded people $aapl $tsla $amzn $meta $nflx $amd $aapl $tsla $amzn $meta $nflx $amd', 'live new traget revealed top analysts. part community 70 000 like minded people $aapl $tsla $amzn $meta $nflx $amd $aapl $tsla $amzn $meta $nflx $amd', 'live new traget revealed top analysts. part community 70 000 like minded people $aapl $tsla $amzn $meta $nflx $amd $aapl $tsla $amzn $meta $nflx $amd']","traget, minded, nflx, revealed, 70"
12,15,12_averaging_crypto_cost_ggii,"['averaging', 'crypto', 'cost', 'ggii', 'kync', 'discover', 'vxit', 'nio', 'oxy', 'enzc']","['explore benefits crypto cost averaging $kync $vxit $ggii $igen $pvdg $innd $fern $mrna $nok $oxy $gnus $kndi $ktov $tsla $nio $spy $v $kync $vxit $ggii $igen $pvdg $innd $fern $mrna $nok $oxy $gnus $kndi $ktov $tsla $nio $spy $v', 'discover effectiveness crypto cost averaging $kync $vxit $ggii $igen $pvdg $innd $fern $mrna $nok $oxy $gnus $kndi $ktov $tsla $nio $spy $v $kync $vxit $ggii $igen $pvdg $innd $fern $mrna $nok $oxy $gnus $kndi $ktov $tsla $nio $spy $v', 'discover power crypto cost averaging $kync $vxit $ggii $igen $pvdg $innd $fern $mrna $nok $oxy $gnus $kndi $ktov $tsla $nio $spy $v $kync $vxit $ggii $igen $pvdg $innd $fern $mrna $nok $oxy $gnus $kndi $ktov $tsla $nio $spy $v']","averaging, crypto, cost, ggii, kync"
13,14,13_adbe_pltr_congratulations_chatroom,"['adbe', 'pltr', 'congratulations', 'chatroom', 'most', 'members', 'regardless', 'books', 'another', 'matter']","['another successful week books regardless size gains matter most. congratulations members chatroom $adbe $pltr $adbe $pltr', 'another successful week books regardless size gains matter most. congratulations members chatroom $adbe $pltr $adbe $pltr', 'another successful week books regardless size gains matter most. congratulations members chatroom $adbe $pltr $adbe $pltr']","adbe, pltr, congratulations, chatroom, most"
